priority,id,region,category,source_name,local_name,proposed_turkish_name,latitude,longitude,source_url,source_snapshot_at,reviewer,reviewed_at,review_status
1,OSM-NODE-10212308117,mecca,hospital,مستلزمات طبيه,مستلزمات طبيه,,21.4328,39.799339,https://www.openstreetmap.org/node/10212308117,2026-10-08T20:21:06Z,,,needs_human_review
1,OSM-NODE-11275483327,mecca,hospital,مستشفى الملك2,مستشفى الملك2,,21.382636,39.881402,https://www.openstreetmap.org/node/11275483327,2026-10-08T20:21:06Z,,,needs_human_review
1,OSM-NODE-11275483328,mecca,hospital,مستشفى الملك1,مستشفى الملك1,,21.382993,39.882105,https://www.openstreetmap.org/node/11275483328,2026-10-08T20:21:06Z,,,needs_human_review
1,OSM-NODE-11275483329,mecca,hospital,مستشفى الملك3,مستشفى الملك3,,21.382329,39.880765,https://www.openstreetmap.org/node/11275483329,2026-10-08T20:21:06Z,,,needs_human_review
1,OSM-NODE-11275483330,mecca,hospital,مستشفى الملك4,مستشفى الملك4,,21.381935,39.881449,https://www.openstreetmap.org/node/11275483330,2026-10-08T20:21:06Z,,,needs_human_review
1,OSM-NODE-11410017570,mecca,hospital,hospital turn 1,,,21.391287,39.762772,https://www.openstreetmap.org/node/11410017570,2026-10-08T20:21:06Z,,,needs_human_review
1,OSM-NODE-11793367734,mecca,hospital,مجمع الرواد الطبي العام,مجمع الرواد الطبي العام,,21.450591,39.808279,https://www.openstreetmap.org/node/11793367734,2026-10-08T20:21:06Z,,,needs_human_review
1,OSM-NODE-11870738300,mecca,hospital,`IyadatalBadratTibbiyah,عيادات البدر الطبية,,21.448531,39.864092,https://www.openstreetmap.org/node/11870738300,2026-10-08T20:21:06Z,,,needs_human_review
1,OSM-NODE-11870950523,mecca,hospital,`IyadatalHikmahatTibbiyah,عيادات الحكمة الطبية,,21.356572,39.827635,https://www.openstreetmap.org/node/11870950523,2026-10-08T20:21:06Z,,,needs_human_review
1,OSM-NODE-12054556416,mecca,hospital,المستشفى السعودي الالماني,المستشفى السعودي الالماني,,21.282409,39.824428,https://www.openstreetmap.org/node/12054556416,2026-10-08T20:21:06Z,,,needs_human_review
1,OSM-NODE-2706849553,mecca,hospital,Suudi Ulusal Hastanesi,المستشفى الأهلي السعودي,,21.409918,39.868718,https://www.openstreetmap.org/node/2706849553,2026-10-08T20:21:06Z,,,needs_human_review
1,OSM-NODE-2708673853,mecca,hospital,مستوصف قضيب البان,مستوصف قضيب البان,,21.400606,39.784269,https://www.openstreetmap.org/node/2708673853,2026-10-08T20:21:06Z,,,needs_human_review
1,OSM-NODE-4340644089,mecca,hospital,مستوصف هاله بن لادن,مستوصف هاله بن لادن,,21.42375,39.78673,https://www.openstreetmap.org/node/4340644089,2026-10-08T20:21:06Z,,,needs_human_review
1,OSM-NODE-4406669093,mecca,hospital,Salam Hospital,مستشفى السلام,,21.449096,39.863192,https://www.openstreetmap.org/node/4406669093,2026-10-08T20:21:06Z,,,needs_human_review
1,OSM-NODE-4406715691,mecca,hospital,مركز صحي العدل,مركز صحي العدل,,21.448352,39.86475,https://www.openstreetmap.org/node/4406715691,2026-10-08T20:21:06Z,,,needs_human_review
1,OSM-NODE-4424840089,mecca,hospital,al-Noor Hospital,مستشفى النور,,21.384873,39.860518,https://www.openstreetmap.org/node/4424840089,2026-10-08T20:21:06Z,,,needs_human_review
1,OSM-NODE-4432076296,mecca,hospital,الهلال الأحمر السعودي,الهلال الأحمر السعودي,,21.418439,39.806575,https://www.openstreetmap.org/node/4432076296,2026-10-08T20:21:06Z,,,needs_human_review
1,OSM-NODE-4534829779,mecca,hospital,Silahlı Kuvvetler Hastanesi,Armed Forces Hospital,,21.399227,39.899242,https://www.openstreetmap.org/node/4534829779,2026-10-08T20:21:06Z,,,needs_human_review
1,OSM-NODE-4534849994,mecca,hospital,Namira Hastanesi,مستشفى نمرة,,21.352739,39.973219,https://www.openstreetmap.org/node/4534849994,2026-10-08T20:21:06Z,,,needs_human_review
1,OSM-NODE-4534902761,mecca,hospital,الهلال الأحمر,الهلال الأحمر,,21.416332,39.876984,https://www.openstreetmap.org/node/4534902761,2026-10-08T20:21:06Z,,,needs_human_review
1,OSM-NODE-4538598490,mecca,hospital,Hospital Alawi Tunsie,Hospital Alawi Tunsie,,21.400527,39.864795,https://www.openstreetmap.org/node/4538598490,2026-10-08T20:21:06Z,,,needs_human_review
1,OSM-NODE-4538607235,mecca,hospital,Health center Azizia East,مركز صحي العزيزية الشرقية,,21.403849,39.880229,https://www.openstreetmap.org/node/4538607235,2026-10-08T20:21:06Z,,,needs_human_review
1,OSM-NODE-4564310336,mecca,hospital,Ibn Sina Medical Clinic,Ibn Sina Medical Clinic,,21.401131,39.879652,https://www.openstreetmap.org/node/4564310336,2026-10-08T20:21:06Z,,,needs_human_review
1,OSM-NODE-4646305989,mecca,hospital,مجمع الرائد المكي المتخصص في طب الاسنان,مجمع الرائد المكي المتخصص في طب الاسنان,,21.468191,39.943808,https://www.openstreetmap.org/node/4646305989,2026-10-08T20:21:06Z,,,needs_human_review
1,OSM-NODE-4853503310,mecca,hospital,Mina Al-Jisr Hospital,Mina Al-Jisr Hospital,,21.40518,39.888463,https://www.openstreetmap.org/node/4853503310,2026-10-08T20:21:06Z,,,needs_human_review
1,OSM-NODE-5025564721,mecca,hospital,مركز الحجامة الحديث مكة,مركز الحجامة الحديث مكة,,21.438481,39.789422,https://www.openstreetmap.org/node/5025564721,2026-10-08T20:21:06Z,,,needs_human_review
1,OSM-NODE-5041596125,mecca,hospital,دار الحجامة مكة,دار الحجامة مكة,,21.359045,39.874344,https://www.openstreetmap.org/node/5041596125,2026-10-08T20:21:06Z,,,needs_human_review
1,OSM-NODE-5070328470,mecca,hospital,Health Center 5,مركز صحي منى 5,,21.39794,39.901642,https://www.openstreetmap.org/node/5070328470,2026-10-08T20:21:06Z,,,needs_human_review
1,OSM-NODE-5070329988,mecca,hospital,Health Center 13,مركز صحي منى 13,,21.395559,39.901227,https://www.openstreetmap.org/node/5070329988,2026-10-08T20:21:06Z,,,needs_human_review
1,OSM-NODE-5070331988,mecca,hospital,Health Center 18,مركز صحي منى 18,,21.397548,39.904756,https://www.openstreetmap.org/node/5070331988,2026-10-08T20:21:06Z,,,needs_human_review
1,OSM-NODE-5070367192,mecca,hospital,Red Crescent Ambulance Station 16,مركز صحي منى 16,,21.417329,39.882307,https://www.openstreetmap.org/node/5070367192,2026-10-08T20:21:06Z,,,needs_human_review
1,OSM-NODE-5070401203,mecca,hospital,مستوصف العبير,مستوصف العبير,,21.416388,39.862874,https://www.openstreetmap.org/node/5070401203,2026-10-08T20:21:06Z,,,needs_human_review
1,OSM-NODE-5075704816,mecca,hospital,Harem Acil Hastanesi,مستشفى الحرم للطوارئ,,21.426707,39.823266,https://www.openstreetmap.org/node/5075704816,2026-10-08T20:21:06Z,,,needs_human_review
1,OSM-NODE-5076188152,mecca,hospital,Ajyad Acil Hastanesi,مستشفى أجياد للطوارئ,,21.41972,39.826384,https://www.openstreetmap.org/node/5076188152,2026-10-08T20:21:06Z,,,needs_human_review
1,OSM-NODE-5076826198,mecca,hospital,Security Forces Health Center,مستوصف قوى الامن,,21.394141,39.895906,https://www.openstreetmap.org/node/5076826198,2026-10-08T20:21:06Z,,,needs_human_review
1,OSM-NODE-5077299107,mecca,hospital,Al Fahd Medical Complex,مجمع الفهد الطبي,,21.443137,39.835535,https://www.openstreetmap.org/node/5077299107,2026-10-08T20:21:06Z,,,needs_human_review
1,OSM-NODE-5134884137,mecca,hospital,Hera General Hospital,مستشفى حراء,,21.486476,39.789214,https://www.openstreetmap.org/node/5134884137,2026-10-08T20:21:06Z,,,needs_human_review
1,OSM-NODE-5828839701,mecca,hospital,Iraqi medical delegation,البعثة الطبية العراقية,,21.412398,39.861861,https://www.openstreetmap.org/node/5828839701,2026-10-08T20:21:06Z,,,needs_human_review
1,OSM-NODE-6139791985,mecca,hospital,مركز الملك عبد اللة لغسيل الكلي,مركز الملك عبد اللة لغسيل الكلي,,21.388921,39.807988,https://www.openstreetmap.org/node/6139791985,2026-10-08T20:21:06Z,,,needs_human_review
1,OSM-NODE-6166310287,mecca,hospital,King Abdullah dialysis Center,مركز الملك عبد الله لغسيل الكلي الصناعي,,21.418282,39.77528,https://www.openstreetmap.org/node/6166310287,2026-10-08T20:21:06Z,,,needs_human_review
1,OSM-NODE-6712311338,mecca,hospital,Red Crescent Ambulance Station - 5,Red Crescent Ambulance Station - 5,,21.423483,39.901052,https://www.openstreetmap.org/node/6712311338,2026-10-08T20:21:06Z,,,needs_human_review
1,OSM-NODE-6718195234,mecca,hospital,Red Crescent Ambulance Station - 8,Red Crescent Ambulance Station - 8,,21.417979,39.896865,https://www.openstreetmap.org/node/6718195234,2026-10-08T20:21:06Z,,,needs_human_review
1,OSM-NODE-6720791863,mecca,hospital,Red Crescent Ambulance Station - 4,Red Crescent Ambulance Station - 4,,21.412902,39.89875,https://www.openstreetmap.org/node/6720791863,2026-10-08T20:21:06Z,,,needs_human_review
1,OSM-NODE-6720794826,mecca,hospital,Red Crescent Ambulance Station - 25,Red Crescent Ambulance Station - 25,,21.425344,39.893793,https://www.openstreetmap.org/node/6720794826,2026-10-08T20:21:06Z,,,needs_human_review
1,OSM-NODE-6720856542,mecca,hospital,Red Crescent Ambulance Station - 13,Red Crescent Ambulance Station - 13,,21.416984,39.886182,https://www.openstreetmap.org/node/6720856542,2026-10-08T20:21:06Z,,,needs_human_review
1,OSM-NODE-6720966336,mecca,hospital,Red Crescent Ambulance Station - 9,Red Crescent Ambulance Station - 9,,21.41454,39.892652,https://www.openstreetmap.org/node/6720966336,2026-10-08T20:21:06Z,,,needs_human_review
1,OSM-NODE-6744500748,mecca,hospital,Clinic - 15 Health Care Center,Clinic - 15 Health Care Center,,21.422348,39.875481,https://www.openstreetmap.org/node/6744500748,2026-10-08T20:21:06Z,,,needs_human_review
1,OSM-NODE-6744521336,mecca,hospital,Red Crescent Ambulance Station - 22,Red Crescent Ambulance Station - 22,,21.424914,39.872413,https://www.openstreetmap.org/node/6744521336,2026-10-08T20:21:06Z,,,needs_human_review
1,OSM-NODE-6744521337,mecca,hospital,Red Crescent Ambulance Station - 20,Red Crescent Ambulance Station - 20,,21.423456,39.873242,https://www.openstreetmap.org/node/6744521337,2026-10-08T20:21:06Z,,,needs_human_review
1,OSM-NODE-6744534962,mecca,hospital,Red Crescent Ambulance Station - 17,Red Crescent Ambulance Station - 17,,21.420051,39.878261,https://www.openstreetmap.org/node/6744534962,2026-10-08T20:21:06Z,,,needs_human_review
1,OSM-NODE-6744550068,mecca,hospital,Red Crescent Ambulance Station - 11,Red Crescent Ambulance Station - 11,,21.412869,39.885593,https://www.openstreetmap.org/node/6744550068,2026-10-08T20:21:06Z,,,needs_human_review
1,OSM-NODE-6744590579,mecca,hospital,Red Crescent Ambulance Station - 12,Red Crescent Ambulance Station - 12,,21.411473,39.88529,https://www.openstreetmap.org/node/6744590579,2026-10-08T20:21:06Z,,,needs_human_review
1,OSM-NODE-6744627843,mecca,hospital,Clinic - 14 Health Care Center,Clinic - 14 Health Care Center,,21.418664,39.880214,https://www.openstreetmap.org/node/6744627843,2026-10-08T20:21:06Z,,,needs_human_review
1,OSM-NODE-6744632557,mecca,hospital,Medical Evacuation and Emergency Center,Medical Evacuation and Emergency Center,,21.417759,39.878344,https://www.openstreetmap.org/node/6744632557,2026-10-08T20:21:06Z,,,needs_human_review
1,OSM-NODE-6747086869,mecca,hospital,Red Crescent Ambulance Station - 26,Red Crescent Ambulance Station - 26,,21.412343,39.896209,https://www.openstreetmap.org/node/6747086869,2026-10-08T20:21:06Z,,,needs_human_review
1,OSM-NODE-6747119109,mecca,hospital,Red Crescent Ambulance Station - 7,Red Crescent Ambulance Station - 7,,21.411793,39.893163,https://www.openstreetmap.org/node/6747119109,2026-10-08T20:21:06Z,,,needs_human_review
1,OSM-NODE-6747162247,mecca,hospital,Clinic - 23 Healt Care Center,Clinic - 23 Healt Care Center,,21.409182,39.892645,https://www.openstreetmap.org/node/6747162247,2026-10-08T20:21:06Z,,,needs_human_review
1,OSM-NODE-6754378940,mecca,hospital,Red Crescent Ambulance Station - 1,Red Crescent Ambulance Station - 1,,21.411727,39.909418,https://www.openstreetmap.org/node/6754378940,2026-10-08T20:21:06Z,,,needs_human_review
1,OSM-NODE-6765202851,mecca,hospital,Red Crescent Ambulance Station - 5,Red Crescent Ambulance Station - 5,,21.396084,39.907359,https://www.openstreetmap.org/node/6765202851,2026-10-08T20:21:06Z,,,needs_human_review
1,OSM-NODE-6765214626,mecca,hospital,Red Crescent Ambulance Station - 31,Red Crescent Ambulance Station - 31,,21.392992,39.903009,https://www.openstreetmap.org/node/6765214626,2026-10-08T20:21:06Z,,,needs_human_review
1,OSM-NODE-6765222835,mecca,hospital,Red Crescent Ambulance Station - 27,Red Crescent Ambulance Station - 27,,21.406203,39.902217,https://www.openstreetmap.org/node/6765222835,2026-10-08T20:21:06Z,,,needs_human_review
1,OSM-NODE-6767676594,mecca,hospital,Clinic 24 - Health Care Center,Clinic 24 - Health Care Center,,21.408854,39.905016,https://www.openstreetmap.org/node/6767676594,2026-10-08T20:21:06Z,,,needs_human_review
1,OSM-NODE-6767680435,mecca,hospital,Clinic 25 - Health Care Center,Clinic 25 - Health Care Center,,21.407804,39.899691,https://www.openstreetmap.org/node/6767680435,2026-10-08T20:21:06Z,,,needs_human_review
1,OSM-NODE-6767680854,mecca,hospital,Clinic 20 - Helath Care Center,Clinic 20 - Helath Care Center,,21.412331,39.895661,https://www.openstreetmap.org/node/6767680854,2026-10-08T20:21:06Z,,,needs_human_review
1,OSM-NODE-6770527801,mecca,hospital,Red Crescent Center - Ambulence Station 13,Red Crescent Center - Ambulence Station 13,,21.360965,39.960466,https://www.openstreetmap.org/node/6770527801,2026-10-08T20:21:06Z,,,needs_human_review
1,OSM-NODE-6770538393,mecca,hospital,Red Crescent Center - Ambulence Station 4,Red Crescent Center - Ambulence Station 4,,21.355374,39.957217,https://www.openstreetmap.org/node/6770538393,2026-10-08T20:21:06Z,,,needs_human_review
1,OSM-NODE-6770559392,mecca,hospital,Red Crescent Center - Ambulence Station 5,Red Crescent Center - Ambulence Station 5,,21.35213,39.971779,https://www.openstreetmap.org/node/6770559392,2026-10-08T20:21:06Z,,,needs_human_review
1,OSM-NODE-6770559393,mecca,hospital,Clinic 19 - Health Care Center,Clinic 19 - Health Care Center,,21.353191,39.970069,https://www.openstreetmap.org/node/6770559393,2026-10-08T20:21:06Z,,,needs_human_review
1,OSM-NODE-6770560184,mecca,hospital,Red Crescent Center - Ambulence Station 2,Red Crescent Center - Ambulence Station 2,,21.348853,39.962951,https://www.openstreetmap.org/node/6770560184,2026-10-08T20:21:06Z,,,needs_human_review
1,OSM-NODE-6770639681,mecca,hospital,Red Crescent Center - Ambulence Station 7,Red Crescent Center - Ambulence Station 7,,21.354956,39.976252,https://www.openstreetmap.org/node/6770639681,2026-10-08T20:21:06Z,,,needs_human_review
1,OSM-NODE-6770640705,mecca,hospital,Red Crescent Center - Ambulence Station 9,Red Crescent Center - Ambulence Station 9,,21.353536,39.982546,https://www.openstreetmap.org/node/6770640705,2026-10-08T20:21:06Z,,,needs_human_review
1,OSM-NODE-6770670894,mecca,hospital,Red Crescent Center - Ambulence Station 8,Red Crescent Center - Ambulence Station 8,,21.35662,39.975727,https://www.openstreetmap.org/node/6770670894,2026-10-08T20:21:06Z,,,needs_human_review
1,OSM-NODE-6780738254,mecca,hospital,Ambulance Station 1 - Red Crescent Center,Ambulance Station 1 - Red Crescent Center,,21.3402,39.965517,https://www.openstreetmap.org/node/6780738254,2026-10-08T20:21:06Z,,,needs_human_review
1,OSM-NODE-6780738255,mecca,hospital,Ambulance Station 15 - Red Crescent Center,Ambulance Station 15 - Red Crescent Center,,21.340839,39.968523,https://www.openstreetmap.org/node/6780738255,2026-10-08T20:21:06Z,,,needs_human_review
1,OSM-NODE-6795540585,mecca,hospital,Pakistan Hajj Mission Hospital,Pakistan Hajj Mission Hospital,,21.397025,39.876904,https://www.openstreetmap.org/node/6795540585,2026-10-08T20:21:06Z,,,needs_human_review
1,OSM-NODE-6796028631,mecca,hospital,Ambulance Station 17 - Red Crescent Center,Ambulance Station 17 - Red Crescent Center,,21.337837,39.979924,https://www.openstreetmap.org/node/6796028631,2026-10-08T20:21:06Z,,,needs_human_review
1,OSM-NODE-6796028643,mecca,hospital,Ambulance Station 12 - Red Crescent Center,Ambulance Station 12 - Red Crescent Center,,21.366186,39.981638,https://www.openstreetmap.org/node/6796028643,2026-10-08T20:21:06Z,,,needs_human_review
1,OSM-NODE-6796047040,mecca,hospital,Ambulance Station 14 - Red Crescent Center,Ambulance Station 14 - Red Crescent Center,,21.33821,39.97267,https://www.openstreetmap.org/node/6796047040,2026-10-08T20:21:06Z,,,needs_human_review
1,OSM-NODE-6796052313,mecca,hospital,Ambulance Station 10 - Red Crescent Center,Ambulance Station 10 - Red Crescent Center,,21.355009,39.989342,https://www.openstreetmap.org/node/6796052313,2026-10-08T20:21:06Z,,,needs_human_review
1,OSM-NODE-6796052314,mecca,hospital,Ambulance Station 11 - Red Crescent Center,Ambulance Station 11 - Red Crescent Center,,21.362183,39.986606,https://www.openstreetmap.org/node/6796052314,2026-10-08T20:21:06Z,,,needs_human_review
1,OSM-NODE-6796055407,mecca,hospital,Ambulance Station 16 - Red Crescent Center,Ambulance Station 16 - Red Crescent Center,,21.341686,39.986439,https://www.openstreetmap.org/node/6796055407,2026-10-08T20:21:06Z,,,needs_human_review
1,OSM-NODE-6796056357,mecca,hospital,Ambulance Station 6 - Red Crescent Center,Ambulance Station 6 - Red Crescent Center,,21.34734,39.982648,https://www.openstreetmap.org/node/6796056357,2026-10-08T20:21:06Z,,,needs_human_review
1,OSM-NODE-6796058713,mecca,hospital,Ambulance Station 3 - Red Crescent Center,Ambulance Station 3 - Red Crescent Center,,21.344892,39.977348,https://www.openstreetmap.org/node/6796058713,2026-10-08T20:21:06Z,,,needs_human_review
1,OSM-NODE-8583386218,mecca,hospital,Mübarek İhtisas Tıbbi Diş Kompleksi,مجمع مبارك الطبي المتخصص لطب الاسنان,,21.431868,39.792154,https://www.openstreetmap.org/node/8583386218,2026-10-08T20:21:06Z,,,needs_human_review
1,OSM-WAY-1086093256,mecca,hospital,Makkah Medical Center,مركز مكة الطبي,,21.495156,39.793991,https://www.openstreetmap.org/way/1086093256,2026-10-08T20:21:06Z,,,needs_human_review
1,OSM-WAY-131655352,mecca,hospital,Arafat Devlet Hastanesi,Arafat General hospital,,21.349802,39.983389,https://www.openstreetmap.org/way/131655352,2026-10-08T20:21:06Z,,,needs_human_review
1,OSM-WAY-132325101,mecca,hospital,Jabl Rahmah Hastanesi,مستشفى جبل الرحمة,,21.352819,39.983734,https://www.openstreetmap.org/way/132325101,2026-10-08T20:21:06Z,,,needs_human_review
1,OSM-WAY-132484637,mecca,hospital,Clinic 8 - Health Care Center,Clinic 8 - Health Care Center,,21.418399,39.895277,https://www.openstreetmap.org/way/132484637,2026-10-08T20:21:06Z,,,needs_human_review
1,OSM-WAY-132487113,mecca,hospital,Clinic 9 - Health Care Center,Clinic 9 - Health Care Center,,21.424045,39.893519,https://www.openstreetmap.org/way/132487113,2026-10-08T20:21:06Z,,,needs_human_review
1,OSM-WAY-133219649,mecca,hospital,Mina Al-Share’a Al-Jadeed Hospital,مستشفى منى الشارع الجديد,,21.411299,39.890509,https://www.openstreetmap.org/way/133219649,2026-10-08T20:21:06Z,,,needs_human_review
1,OSM-WAY-133229235,mecca,hospital,Clinic - 2 Health Care Center,Clinic - 2 Health Care Center,,21.414565,39.884003,https://www.openstreetmap.org/way/133229235,2026-10-08T20:21:06Z,,,needs_human_review
1,OSM-WAY-133432933,mecca,hospital,مركز هيئة الهلال الأحمر - منى,مركز هيئة الهلال الأحمر - منى,,21.416587,39.885538,https://www.openstreetmap.org/way/133432933,2026-10-08T20:21:06Z,,,needs_human_review
1,OSM-WAY-133683253,mecca,hospital,Clinic 2 - Health Care Center,Clinic 2 - Health Care Center,,21.413813,39.897907,https://www.openstreetmap.org/way/133683253,2026-10-08T20:21:06Z,,,needs_human_review
1,OSM-WAY-133919954,mecca,hospital,Preventive Medicine Center,Preventive Medicine Center,,21.415462,39.883608,https://www.openstreetmap.org/way/133919954,2026-10-08T20:21:06Z,,,needs_human_review
1,OSM-WAY-134181976,mecca,hospital,Clinic - 10 Health Care Center,Clinic - 10 Health Care Center,,21.417936,39.899863,https://www.openstreetmap.org/way/134181976,2026-10-08T20:21:06Z,,,needs_human_review
1,OSM-WAY-134369914,mecca,hospital,مركز صحي منى 12,مركز صحي منى 12,,21.424221,39.900607,https://www.openstreetmap.org/way/134369914,2026-10-08T20:21:06Z,,,needs_human_review
1,OSM-WAY-134373812,mecca,hospital,Clinic - 11 Health Care Center,Clinic - 11 Health Care Center,,21.422393,39.900497,https://www.openstreetmap.org/way/134373812,2026-10-08T20:21:06Z,,,needs_human_review
1,OSM-WAY-135746633,mecca,hospital,Clinic - 17 Health Care Center,Clinic - 17 Health Care Center,,21.412359,39.886007,https://www.openstreetmap.org/way/135746633,2026-10-08T20:21:06Z,,,needs_human_review
1,OSM-WAY-135766345,mecca,hospital,مركز صحي منى 7,مركز صحي منى 7,,21.417029,39.886642,https://www.openstreetmap.org/way/135766345,2026-10-08T20:21:06Z,,,needs_human_review
1,OSM-WAY-136525017,mecca,hospital,Mina Al Wadi Hastanesi,Mina Al-Wadi Hospital,,21.413259,39.901856,https://www.openstreetmap.org/way/136525017,2026-10-08T20:21:06Z,,,needs_human_review
1,OSM-WAY-1505593019,mecca,hospital,Clinic 29 - Health Care Center,Clinic 29 - Health Care Center,,21.357305,39.982873,https://www.openstreetmap.org/way/1505593019,2026-10-08T20:21:06Z,,,needs_human_review
1,OSM-WAY-1509716172,mecca,hospital,Red Crescent Center 18 - Ambulence Station,مركز الهلال الأحمر 18,,21.370664,39.988774,https://www.openstreetmap.org/way/1509716172,2026-10-08T20:21:06Z,,,needs_human_review
1,OSM-WAY-1509719738,mecca,hospital,Clinic 15 - Health Care Center,Clinic 15 - Health Care Center,,21.350275,39.971288,https://www.openstreetmap.org/way/1509719738,2026-10-08T20:21:06Z,,,needs_human_review
1,OSM-WAY-372587908,mecca,hospital,Clinic,Clinic - 1 Health Care Center,,21.416495,39.880613,https://www.openstreetmap.org/way/372587908,2026-10-08T20:21:06Z,,,needs_human_review
1,OSM-WAY-375399296,mecca,hospital,Hospital Shifa,مستشفى الشفاء الطبي,,21.415629,39.806501,https://www.openstreetmap.org/way/375399296,2026-10-08T20:21:06Z,,,needs_human_review
1,OSM-WAY-379522469,mecca,hospital,Kral Abdullah Tıp Kent Hastanesi,مدينة الملك عبدالله الطبية,,21.380864,39.881894,https://www.openstreetmap.org/way/379522469,2026-10-08T20:21:06Z,,,needs_human_review
1,OSM-WAY-457319394,mecca,hospital,Hilal Ahmar,الهلال الاحمر,,21.388772,39.922843,https://www.openstreetmap.org/way/457319394,2026-10-08T20:21:06Z,,,needs_human_review
1,OSM-WAY-457321838,mecca,hospital,Doğu Arafat Hastanesi,Eastern Arafat Hospital,,21.334792,39.987235,https://www.openstreetmap.org/way/457321838,2026-10-08T20:21:06Z,,,needs_human_review
1,OSM-WAY-457323810,mecca,hospital,Clinic 45 - Health Care Center,Arafat's health center 45,,21.373095,39.986283,https://www.openstreetmap.org/way/457323810,2026-10-08T20:21:06Z,,,needs_human_review
1,OSM-WAY-457324471,mecca,hospital,Medical Center,Medical Center,,21.371276,39.938044,https://www.openstreetmap.org/way/457324471,2026-10-08T20:21:06Z,,,needs_human_review
1,OSM-WAY-457454052,mecca,hospital,Kral Faysal Hastanesi,مستشفى الملك فيصل التخصصي بالعزيزية,,21.434459,39.853168,https://www.openstreetmap.org/way/457454052,2026-10-08T20:21:06Z,,,needs_human_review
1,OSM-WAY-457509225,mecca,hospital,SHIFA AL BARAKA MEDICAL CENTER,SHIFA AL BARAKA MEDICAL CENTER,,21.437845,39.804935,https://www.openstreetmap.org/way/457509225,2026-10-08T20:21:06Z,,,needs_human_review
1,OSM-WAY-457509472,mecca,hospital,Kral Abdülaziz Hastanesi,مستشفى الملك عبد العزيز,,21.441736,39.807377,https://www.openstreetmap.org/way/457509472,2026-10-08T20:21:06Z,,,needs_human_review
1,OSM-WAY-457991013,mecca,hospital,Doğum ve Çocuk Hastanesi,مستشفى الولادة و الأطفال,,21.375686,39.880726,https://www.openstreetmap.org/way/457991013,2026-10-08T20:21:06Z,,,needs_human_review
1,OSM-WAY-457991153,mecca,hospital,Security Forces Hospital,مستشفى قوى الأمن,,21.365333,39.892476,https://www.openstreetmap.org/way/457991153,2026-10-08T20:21:06Z,,,needs_human_review
1,OSM-WAY-461205063,mecca,hospital,Al Hajj Street Health Center مركز صحي شارع الحج,Al Hajj Street Health Center مركز صحي شارع الحج,,21.461576,39.850056,https://www.openstreetmap.org/way/461205063,2026-10-08T20:21:06Z,,,needs_human_review
1,OSM-WAY-503204319,mecca,hospital,Clinic 23 - Health Care Center,Clinic 23 - Health Care Center,,21.354703,39.976775,https://www.openstreetmap.org/way/503204319,2026-10-08T20:21:06Z,,,needs_human_review
1,OSM-WAY-503204331,mecca,hospital,Clinic 24 - Health Care Center,Clinic 24 - Health Care Center,,21.356973,39.973933,https://www.openstreetmap.org/way/503204331,2026-10-08T20:21:06Z,,,needs_human_review
1,OSM-WAY-503204333,mecca,hospital,Clinic 26 - Health Care Center,Clinic 26 - Health Care Center,,21.353354,39.981059,https://www.openstreetmap.org/way/503204333,2026-10-08T20:21:06Z,,,needs_human_review
1,OSM-WAY-503318522,mecca,hospital,Arafah Health Center 28,Arafah Health Center 28,,21.36344,39.982781,https://www.openstreetmap.org/way/503318522,2026-10-08T20:21:06Z,,,needs_human_review
1,OSM-WAY-503318526,mecca,hospital,Clinic 42 - Health Care Center,Clinic 42 - Health Care Center,,21.370189,39.980609,https://www.openstreetmap.org/way/503318526,2026-10-08T20:21:06Z,,,needs_human_review
1,OSM-WAY-503318532,mecca,hospital,Clinic 43 - Health Care Center,Clinic 43 - Health Care Center,,21.369586,39.983732,https://www.openstreetmap.org/way/503318532,2026-10-08T20:21:06Z,,,needs_human_review
1,OSM-WAY-520141095,mecca,hospital,Mina Emergency Hospital,مستشفى الطوارئ بمنى,,21.413744,39.88013,https://www.openstreetmap.org/way/520141095,2026-10-08T20:21:06Z,,,needs_human_review
1,OSM-WAY-520905277,mecca,hospital,al-Najlan Healthcare Center,مركز صحي هجلة,,21.411741,39.821372,https://www.openstreetmap.org/way/520905277,2026-10-08T20:21:06Z,,,needs_human_review
1,OSM-WAY-589738245,mecca,hospital,مركز صحي الشافعي,مركز صحي الشافعي,,21.366817,39.773128,https://www.openstreetmap.org/way/589738245,2026-10-08T20:21:06Z,,,needs_human_review
1,OSM-WAY-670889758,mecca,hospital,Kızılay,الهلال الاحمر,,21.422429,39.823088,https://www.openstreetmap.org/way/670889758,2026-10-08T20:21:06Z,,,needs_human_review
1,OSM-WAY-676402012,mecca,hospital,University Medical Center,المركز الطبي الجامعي,,21.408848,39.863885,https://www.openstreetmap.org/way/676402012,2026-10-08T20:21:06Z,,,needs_human_review
1,OSM-WAY-715061903,mecca,hospital,مركز صحي منى 16,مركز صحي منى 16,,21.418356,39.882611,https://www.openstreetmap.org/way/715061903,2026-10-08T20:21:06Z,,,needs_human_review
1,OSM-WAY-715063833,mecca,hospital,Clinic - 6 Health Care Center,مركز صحي منى 6,,21.414776,39.886758,https://www.openstreetmap.org/way/715063833,2026-10-08T20:21:06Z,,,needs_human_review
1,OSM-WAY-715072278,mecca,hospital,مركز صحي منى 3,مركز صحي منى 3,,21.408954,39.888224,https://www.openstreetmap.org/way/715072278,2026-10-08T20:21:06Z,,,needs_human_review
1,OSM-WAY-718113483,mecca,hospital,National Guard Hospital,مستشفى الحرس الوطني الميداني,,21.40594,39.892082,https://www.openstreetmap.org/way/718113483,2026-10-08T20:21:06Z,,,needs_human_review
1,OSM-WAY-718200601,mecca,hospital,مركز صحي منى 4,مركز صحي منى 4,,21.406799,39.893165,https://www.openstreetmap.org/way/718200601,2026-10-08T20:21:06Z,,,needs_human_review
1,OSM-WAY-722030956,mecca,hospital,Clinic 12 - Health Care Center,Clinic 12 - Health Care Center,,21.347145,39.972351,https://www.openstreetmap.org/way/722030956,2026-10-08T20:21:06Z,,,needs_human_review
1,OSM-WAY-722032704,mecca,hospital,Clinic 13 - Health Care Center,Clinic 13 - Health Care Center,,21.34877,39.969688,https://www.openstreetmap.org/way/722032704,2026-10-08T20:21:06Z,,,needs_human_review
1,OSM-WAY-722033509,mecca,hospital,Clinic 14 - Health Care Center,Clinic 14 - Health Care Center,,21.349686,39.969716,https://www.openstreetmap.org/way/722033509,2026-10-08T20:21:06Z,,,needs_human_review
1,OSM-WAY-722048384,mecca,hospital,Clinic 44 - Health Care Center,Clinic 44 - Health Care Center,,21.370785,39.985506,https://www.openstreetmap.org/way/722048384,2026-10-08T20:21:06Z,,,needs_human_review
1,OSM-WAY-722048385,mecca,hospital,Clinic 46 - Health Care Center,Clinic 46 - Health Care Center,,21.3763,39.986084,https://www.openstreetmap.org/way/722048385,2026-10-08T20:21:06Z,,,needs_human_review
1,OSM-WAY-722048453,mecca,hospital,Clinic 41 - Health Care Center,Clinic 41 - Health Care Center,,21.367379,39.983156,https://www.openstreetmap.org/way/722048453,2026-10-08T20:21:06Z,,,needs_human_review
1,OSM-WAY-722802311,mecca,hospital,Clinic 2 - Health Care Center,Clinic 2 - Health Care Center,,21.34328,39.960554,https://www.openstreetmap.org/way/722802311,2026-10-08T20:21:06Z,,,needs_human_review
1,OSM-WAY-722802312,mecca,hospital,Clinic 1 - Health Care Center,Clinic 1 - Health Care Center,,21.345388,39.956878,https://www.openstreetmap.org/way/722802312,2026-10-08T20:21:06Z,,,needs_human_review
1,OSM-WAY-722802455,mecca,hospital,مركز صحي عرفات 7,مركز صحي عرفات 7,,21.346754,39.959295,https://www.openstreetmap.org/way/722802455,2026-10-08T20:21:06Z,,,needs_human_review
1,OSM-WAY-722802456,mecca,hospital,Clinic 5 - Health Care Center,Clinic 5 - Health Care Center,,21.343928,39.963537,https://www.openstreetmap.org/way/722802456,2026-10-08T20:21:06Z,,,needs_human_review
1,OSM-WAY-722802461,mecca,hospital,Clinic 6 - Health Care Center,Clinic 6 - Health Care Center,,21.344428,39.964395,https://www.openstreetmap.org/way/722802461,2026-10-08T20:21:06Z,,,needs_human_review
1,OSM-WAY-722803185,mecca,hospital,Clinic 4 - Health Care Center,Clinic 4 - Health Care Center,,21.343353,39.966545,https://www.openstreetmap.org/way/722803185,2026-10-08T20:21:06Z,,,needs_human_review
1,OSM-WAY-722803198,mecca,hospital,Clinic 9 - Health Care Center,Clinic 9 - Health Care Center,,21.347308,39.965372,https://www.openstreetmap.org/way/722803198,2026-10-08T20:21:06Z,,,needs_human_review
1,OSM-WAY-722803254,mecca,hospital,Clinic 8 - Health Care Center,Clinic 8 - Health Care Center,,21.349168,39.961749,https://www.openstreetmap.org/way/722803254,2026-10-08T20:21:06Z,,,needs_human_review
1,OSM-WAY-725194309,mecca,hospital,هلال احمر الحجون,هلال احمر الحجون,,21.434522,39.830224,https://www.openstreetmap.org/way/725194309,2026-10-08T20:21:06Z,,,needs_human_review
1,OSM-NODE-12809375237,mecca,pharmacy,Pharmacy,صيدلية,,21.411859,39.823161,https://www.openstreetmap.org/node/12809375237,2026-10-08T20:21:06Z,,,needs_human_review
1,OSM-NODE-12811956600,mecca,pharmacy,Pharmacy,صيدلية,,21.412198,39.822873,https://www.openstreetmap.org/node/12811956600,2026-10-08T20:21:06Z,,,needs_human_review
1,OSM-NODE-13432564251,mecca,pharmacy,Nahdi Pharmacy,Nahdi Pharmacy,,21.450747,39.863676,https://www.openstreetmap.org/node/13432564251,2026-10-08T20:21:06Z,,,needs_human_review
1,OSM-NODE-14130469702,mecca,pharmacy,صيدلية المتحدة,صيدلية المتحدة,,21.397863,39.799429,https://www.openstreetmap.org/node/14130469702,2026-10-08T20:21:06Z,,,needs_human_review
1,OSM-NODE-2504820208,mecca,pharmacy,Dan,دان,,21.361206,39.835303,https://www.openstreetmap.org/node/2504820208,2026-10-08T20:21:06Z,,,needs_human_review
1,OSM-NODE-2504821098,mecca,pharmacy,Dan,دان,,21.369241,39.83781,https://www.openstreetmap.org/node/2504821098,2026-10-08T20:21:06Z,,,needs_human_review
1,OSM-NODE-4872721840,mecca,pharmacy,Nahdi Pharmacy,النهدي,,21.401158,39.878118,https://www.openstreetmap.org/node/4872721840,2026-10-08T20:21:06Z,,,needs_human_review
1,OSM-NODE-5070379553,mecca,pharmacy,Al Nahdi,النهدي,,21.422438,39.873949,https://www.openstreetmap.org/node/5070379553,2026-10-08T20:21:06Z,,,needs_human_review
1,OSM-NODE-5076880916,mecca,pharmacy,Pharmacy Tahir,طاهر,,21.399014,39.869965,https://www.openstreetmap.org/node/5076880916,2026-10-08T20:21:06Z,,,needs_human_review
1,OSM-NODE-5076889972,mecca,pharmacy,Wael Pharmacy,صيدلية وائل,,21.408802,39.86904,https://www.openstreetmap.org/node/5076889972,2026-10-08T20:21:06Z,,,needs_human_review
1,OSM-NODE-5077099025,mecca,pharmacy,al-Halwani,الحلواني,,21.419666,39.8266,https://www.openstreetmap.org/node/5077099025,2026-10-08T20:21:06Z,,,needs_human_review
1,OSM-NODE-5077124619,mecca,pharmacy,Al Nahdi,النهدي,,21.429785,39.806559,https://www.openstreetmap.org/node/5077124619,2026-10-08T20:21:06Z,,,needs_human_review
1,OSM-NODE-5077145982,mecca,pharmacy,Pharmacy Shifa al-Baraka,شفاء البركة,,21.441258,39.805074,https://www.openstreetmap.org/node/5077145982,2026-10-08T20:21:06Z,,,needs_human_review
1,OSM-NODE-5077157348,mecca,pharmacy,an-Nahdi Pharmacy,النهدي,,21.438289,39.789753,https://www.openstreetmap.org/node/5077157348,2026-10-08T20:21:06Z,,,needs_human_review
1,OSM-NODE-5077162954,mecca,pharmacy,Ghaya Pharmacy,غاية ام القرى,,21.423033,39.801118,https://www.openstreetmap.org/node/5077162954,2026-10-08T20:21:06Z,,,needs_human_review
1,OSM-NODE-5077230548,mecca,pharmacy,Jamal Central Pharmacy,جمال المركزية,,21.437331,39.824465,https://www.openstreetmap.org/node/5077230548,2026-10-08T20:21:06Z,,,needs_human_review
1,OSM-NODE-5077343888,mecca,pharmacy,Nahdi Pharmacy,النهدي,,21.414908,39.827957,https://www.openstreetmap.org/node/5077343888,2026-10-08T20:21:06Z,,,needs_human_review
1,OSM-NODE-5077616006,mecca,pharmacy,Nahdi Pharmacy,Nahdi Pharmacy,,21.445889,39.80903,https://www.openstreetmap.org/node/5077616006,2026-10-08T20:21:06Z,,,needs_human_review
1,OSM-NODE-5077627038,mecca,pharmacy,Nahdi Pharmacy,Nahdi Pharmacy,,21.440175,39.795689,https://www.openstreetmap.org/node/5077627038,2026-10-08T20:21:06Z,,,needs_human_review
1,OSM-NODE-5077629512,mecca,pharmacy,Nahdi Pharmacy,Nahdi Pharmacy,,21.408854,39.793268,https://www.openstreetmap.org/node/5077629512,2026-10-08T20:21:06Z,,,needs_human_review
1,OSM-NODE-5077671912,mecca,pharmacy,Nahdi Pharmacy,Nahdi Pharmacy,,21.383271,39.870992,https://www.openstreetmap.org/node/5077671912,2026-10-08T20:21:06Z,,,needs_human_review
1,OSM-NODE-5077681129,mecca,pharmacy,Nahdi Pharmacy,Nahdi Pharmacy,,21.360974,39.901183,https://www.openstreetmap.org/node/5077681129,2026-10-08T20:21:06Z,,,needs_human_review
1,OSM-NODE-5077810152,mecca,pharmacy,Pharmacy Kingdom Med,Pharmacy Kingdom Med,,21.432854,39.829309,https://www.openstreetmap.org/node/5077810152,2026-10-08T20:21:06Z,,,needs_human_review
1,OSM-NODE-5077819618,mecca,pharmacy,Bawazeer Pharmacy,باوزير,,21.43204,39.828552,https://www.openstreetmap.org/node/5077819618,2026-10-08T20:21:06Z,,,needs_human_review
1,OSM-NODE-5084499016,mecca,pharmacy,United Pharmacy,صيدلية المتحدة,,21.354888,39.891721,https://www.openstreetmap.org/node/5084499016,2026-10-08T20:21:06Z,,,needs_human_review
1,OSM-NODE-5084501351,mecca,pharmacy,Ammar Pharmacy,عمار,,21.353692,39.893399,https://www.openstreetmap.org/node/5084501351,2026-10-08T20:21:06Z,,,needs_human_review
1,OSM-NODE-5084506336,mecca,pharmacy,Pharmacy Health Secret,صيدلية سر الصحة,,21.35135,39.899326,https://www.openstreetmap.org/node/5084506336,2026-10-08T20:21:06Z,,,needs_human_review
1,OSM-NODE-5084616457,mecca,pharmacy,Nahdi,النهدي,,21.42855,39.788448,https://www.openstreetmap.org/node/5084616457,2026-10-08T20:21:06Z,,,needs_human_review
1,OSM-NODE-5923074192,mecca,pharmacy,Pharmacy Rajah,Pharmacy Rajah,,21.420081,39.823519,https://www.openstreetmap.org/node/5923074192,2026-10-08T20:21:06Z,,,needs_human_review
1,OSM-NODE-6047258976,mecca,pharmacy,Pharmacy Mansor,Pharmacy Mansor,,21.413219,39.827755,https://www.openstreetmap.org/node/6047258976,2026-10-08T20:21:06Z,,,needs_human_review
1,OSM-NODE-6055798022,mecca,pharmacy,Roqia,رقية,,21.432928,39.815397,https://www.openstreetmap.org/node/6055798022,2026-10-08T20:21:06Z,,,needs_human_review
1,OSM-NODE-6214131049,mecca,pharmacy,Is'haq Pharmacy,Is'haq Pharmacy,,21.41394,39.822011,https://www.openstreetmap.org/node/6214131049,2026-10-08T20:21:06Z,,,needs_human_review
1,OSM-NODE-6214483638,mecca,pharmacy,Dhiouf Makkah,ضيوف مكة,,21.419123,39.823978,https://www.openstreetmap.org/node/6214483638,2026-10-08T20:21:06Z,,,needs_human_review
1,OSM-NODE-6226079490,mecca,pharmacy,United Pharmacy,United Pharmacy,,21.420118,39.828194,https://www.openstreetmap.org/node/6226079490,2026-10-08T20:21:06Z,,,needs_human_review
1,OSM-NODE-6283475050,mecca,pharmacy,Nahdi,صيدلية النهدي,,21.41955,39.825752,https://www.openstreetmap.org/node/6283475050,2026-10-08T20:21:06Z,,,needs_human_review
1,OSM-NODE-6286793555,mecca,pharmacy,غاية ام القرى,غاية ام القرى,,21.421089,39.822888,https://www.openstreetmap.org/node/6286793555,2026-10-08T20:21:06Z,,,needs_human_review
1,OSM-NODE-6291998465,mecca,pharmacy,النهدي,النهدي,,21.42022,39.823908,https://www.openstreetmap.org/node/6291998465,2026-10-08T20:21:06Z,,,needs_human_review
1,OSM-NODE-6312985526,mecca,pharmacy,Nahdi Pharmacy,Nahdi Pharmacy,,21.431889,39.829135,https://www.openstreetmap.org/node/6312985526,2026-10-08T20:21:06Z,,,needs_human_review
1,OSM-NODE-6322556737,mecca,pharmacy,Quraish Pharmacy,Quraish Pharmacy,,21.435715,39.818355,https://www.openstreetmap.org/node/6322556737,2026-10-08T20:21:06Z,,,needs_human_review
1,OSM-NODE-6331818623,mecca,pharmacy,Adama Pharmacy,Adama Pharmacy,,21.411504,39.866428,https://www.openstreetmap.org/node/6331818623,2026-10-08T20:21:06Z,,,needs_human_review
1,OSM-NODE-6331888223,mecca,pharmacy,Taher Pharmacy,Taher Pharmacy,,21.41344,39.863549,https://www.openstreetmap.org/node/6331888223,2026-10-08T20:21:06Z,,,needs_human_review
1,OSM-NODE-6333122478,mecca,pharmacy,Pharmacy Dawaa,Pharmacy Dawaa,,21.417876,39.859455,https://www.openstreetmap.org/node/6333122478,2026-10-08T20:21:06Z,,,needs_human_review
1,OSM-NODE-6333127354,mecca,pharmacy,Pharmacy Hekmah,Pharmacy Hekmah,,21.416927,39.860278,https://www.openstreetmap.org/node/6333127354,2026-10-08T20:21:06Z,,,needs_human_review
1,OSM-NODE-6333656535,mecca,pharmacy,Taher Pharmacy,Taher Pharmacy,,21.412712,39.864231,https://www.openstreetmap.org/node/6333656535,2026-10-08T20:21:06Z,,,needs_human_review
1,OSM-NODE-6333864197,mecca,pharmacy,الدواء,الدواء,,21.406476,39.871758,https://www.openstreetmap.org/node/6333864197,2026-10-08T20:21:06Z,,,needs_human_review
1,OSM-NODE-6336211360,mecca,pharmacy,Al Nahdi Eczanesi - 1. Kat,Al Nahdi Pharmacy - 1st Floor,,21.420997,39.821869,https://www.openstreetmap.org/node/6336211360,2026-10-08T20:21:06Z,,,needs_human_review
1,OSM-NODE-6437181282,mecca,pharmacy,Nahdi Pharmacy,Nahdi Pharmacy,,21.445874,39.861395,https://www.openstreetmap.org/node/6437181282,2026-10-08T20:21:06Z,,,needs_human_review
1,OSM-NODE-6536855095,mecca,pharmacy,Nahdi Pharmacy,Nahdi Pharmacy,,21.424091,39.798131,https://www.openstreetmap.org/node/6536855095,2026-10-08T20:21:06Z,,,needs_human_review
1,OSM-NODE-6579860910,mecca,pharmacy,Al Nahdi,النهدي,,21.419355,39.826736,https://www.openstreetmap.org/node/6579860910,2026-10-08T20:21:06Z,,,needs_human_review
1,OSM-NODE-6587383192,mecca,pharmacy,Al Nahdi Pharmacy,Al Nahdi Pharmacy,,21.419509,39.824221,https://www.openstreetmap.org/node/6587383192,2026-10-08T20:21:06Z,,,needs_human_review
1,OSM-NODE-6587572604,mecca,pharmacy,Bin Hassan Pharmacy,Bin Hassan Pharmacy,,21.411576,39.820991,https://www.openstreetmap.org/node/6587572604,2026-10-08T20:21:06Z,,,needs_human_review
1,OSM-NODE-7439784961,mecca,pharmacy,Ghaya Pharmacy,Ghaya Pharmacy,,21.371603,39.798346,https://www.openstreetmap.org/node/7439784961,2026-10-08T20:21:06Z,,,needs_human_review
1,OSM-NODE-8421504085,mecca,pharmacy,Nahdi Pharmacy,Nahdi Pharmacy,,21.375085,39.799391,https://www.openstreetmap.org/node/8421504085,2026-10-08T20:21:06Z,,,needs_human_review
1,OSM-NODE-8421536483,mecca,pharmacy,Jamel pharmacy,Jamel pharmacy,,21.373889,39.801004,https://www.openstreetmap.org/node/8421536483,2026-10-08T20:21:06Z,,,needs_human_review
1,OSM-NODE-8769948883,mecca,pharmacy,Nahdi Pharmacy,Nahdi Pharmacy,,21.438659,39.833232,https://www.openstreetmap.org/node/8769948883,2026-10-08T20:21:06Z,,,needs_human_review
1,OSM-NODE-4340244392,mecca,police,شرطة جرول,شرطة جرول,,21.459908,39.820936,https://www.openstreetmap.org/node/4340244392,2026-10-08T20:21:06Z,,,needs_human_review
1,OSM-NODE-4406682798,mecca,police,الدفاع المدني العدل,الدفاع المدني العدل,,21.448761,39.865291,https://www.openstreetmap.org/node/4406682798,2026-10-08T20:21:06Z,,,needs_human_review
1,OSM-NODE-4676760693,mecca,police,شرطة الشرائع,شرطة الشرائع,,21.46339,39.94574,https://www.openstreetmap.org/node/4676760693,2026-10-08T20:21:06Z,,,needs_human_review
1,OSM-NODE-5848532004,mecca,police,قيادة التحريات والبحث الجنائي بمنى,قيادة التحريات والبحث الجنائي بمنى,,21.423948,39.872925,https://www.openstreetmap.org/node/5848532004,2026-10-08T20:21:06Z,,,needs_human_review
1,OSM-NODE-6742228598,mecca,police,South of Mina Police Station,South of Mina Police Station,,21.405322,39.888285,https://www.openstreetmap.org/node/6742228598,2026-10-08T20:21:06Z,,,needs_human_review
1,OSM-NODE-6742836500,mecca,police,غرب منى,غرب منى,,21.419748,39.872312,https://www.openstreetmap.org/node/6742836500,2026-10-08T20:21:06Z,,,needs_human_review
1,OSM-NODE-6742850828,mecca,police,Jamra Al-Aqaba Police Station,Jamra Al-Aqaba Police Station,,21.418108,39.878506,https://www.openstreetmap.org/node/6742850828,2026-10-08T20:21:06Z,,,needs_human_review
1,OSM-NODE-6770527802,mecca,police,Outer Line Police Station,Outer Line Police Station,,21.360789,39.961273,https://www.openstreetmap.org/node/6770527802,2026-10-08T20:21:06Z,,,needs_human_review
1,OSM-NODE-6770536029,mecca,police,Namira Mosque Police Station,Namira Mosque Police Station,,21.355677,39.968494,https://www.openstreetmap.org/node/6770536029,2026-10-08T20:21:06Z,,,needs_human_review
1,OSM-NODE-6770560145,mecca,police,Southern Arafa Police Station,Southern Arafa Police Station,,21.345371,39.963346,https://www.openstreetmap.org/node/6770560145,2026-10-08T20:21:06Z,,,needs_human_review
1,OSM-NODE-6800465514,mecca,police,قوة امن الحرم الملكي الشريف,قوة امن الحرم الملكي الشريف,,21.419716,39.825167,https://www.openstreetmap.org/node/6800465514,2026-10-08T20:21:06Z,,,needs_human_review
1,OSM-WAY-1257114767,mecca,police,Harem Polisi,شرطة الحرم,,21.422694,39.830793,https://www.openstreetmap.org/way/1257114767,2026-10-08T20:21:06Z,,,needs_human_review
1,OSM-WAY-133684179,mecca,police,Mina Al-Wadi Police Station,Mina Al-Wadi Police Station,,21.413427,39.89813,https://www.openstreetmap.org/way/133684179,2026-10-08T20:21:06Z,,,needs_human_review
1,OSM-WAY-135770232,mecca,police,شرطة وسط منى,شرطة وسط منى,,21.417532,39.886155,https://www.openstreetmap.org/way/135770232,2026-10-08T20:21:06Z,,,needs_human_review
1,OSM-WAY-1509716176,mecca,police,Northern Arafa Police Station,Northern Arafa Police Station,,21.371032,39.988746,https://www.openstreetmap.org/way/1509716176,2026-10-08T20:21:06Z,,,needs_human_review
1,OSM-WAY-503763184,mecca,police,Al-Moaisam Police Station,Al-Moaisam Police Station,,21.411444,39.908974,https://www.openstreetmap.org/way/503763184,2026-10-08T20:21:06Z,,,needs_human_review
1,OSM-WAY-715064349,mecca,police,Al-khaif Police Station,Al-khaif Police Station,,21.414393,39.881722,https://www.openstreetmap.org/way/715064349,2026-10-08T20:21:06Z,,,needs_human_review
1,OSM-WAY-715072636,mecca,police,شرطة شرق منى,شرطة شرق منى,,21.407855,39.891233,https://www.openstreetmap.org/way/715072636,2026-10-08T20:21:06Z,,,needs_human_review
1,OSM-WAY-725194308,mecca,police,شرطة القرارة,شرطة القرارة,,21.434445,39.830135,https://www.openstreetmap.org/way/725194308,2026-10-08T20:21:06Z,,,needs_human_review
1,OSM-WAY-726569422,mecca,police,Ajyad Police Station,شرطة اجياد,,21.4011,39.826825,https://www.openstreetmap.org/way/726569422,2026-10-08T20:21:06Z,,,needs_human_review
1,OSM-WAY-726569956,mecca,police,Metropolitan Police Station,شرطة العاصمة,,21.39935,39.821627,https://www.openstreetmap.org/way/726569956,2026-10-08T20:21:06Z,,,needs_human_review
1,OSM-WAY-726993757,mecca,police,Police Station - al Mansur,شرطة المنصور,,21.413552,39.807628,https://www.openstreetmap.org/way/726993757,2026-10-08T20:21:06Z,,,needs_human_review
1,OSM-WAY-986845545,mecca,police,Jabal Al-Rahmah Police Station,مركز شرطة جبل الرحمة,,21.354244,39.981492,https://www.openstreetmap.org/way/986845545,2026-10-08T20:21:06Z,,,needs_human_review
1,OSM-NODE-10956967098,mecca,transport,Haremeyn Hızlı Tren İstasyonu,قطار الحرمين السريع - مكة,,21.417656,39.788532,https://www.openstreetmap.org/node/10956967098,2026-10-08T20:21:06Z,,,needs_human_review
1,OSM-NODE-11005547738,mecca,transport,محطة 176 العزيزية الجنوبية,محطة 176 العزيزية الجنوبية,,21.399234,39.864426,https://www.openstreetmap.org/node/11005547738,2026-10-08T20:21:06Z,,,needs_human_review
1,OSM-NODE-11005547739,mecca,transport,Azizyah 177,العزيزية 177,,21.39941,39.864912,https://www.openstreetmap.org/node/11005547739,2026-10-08T20:21:06Z,,,needs_human_review
1,OSM-NODE-4534822205,mecca,transport,Mina Station 2,محطة منى رقم 2,,21.404471,39.891264,https://www.openstreetmap.org/node/4534822205,2026-10-08T20:21:06Z,,,needs_human_review
1,OSM-NODE-4534822206,mecca,transport,Mina Station 1,محطة منى رقم 1,,21.39918,39.897893,https://www.openstreetmap.org/node/4534822206,2026-10-08T20:21:06Z,,,needs_human_review
1,OSM-NODE-4534824625,mecca,transport,Muzdalifah Station 3,محطة مزدلفة رقم 3,,21.390591,39.90049,https://www.openstreetmap.org/node/4534824625,2026-10-08T20:21:06Z,,,needs_human_review
1,OSM-NODE-4534834974,mecca,transport,Muzdalifah Station 2,محطة مزدلفة رقم 2,,21.383029,39.90675,https://www.openstreetmap.org/node/4534834974,2026-10-08T20:21:06Z,,,needs_human_review
1,OSM-NODE-4534838647,mecca,transport,Muzdalifah Station 1,محطة مزدلفة رقم 1,,21.378916,39.917972,https://www.openstreetmap.org/node/4534838647,2026-10-08T20:21:06Z,,,needs_human_review
1,OSM-NODE-4534861098,mecca,transport,Arafat 3,محطة عرفات رقم 3,,21.34583,39.961222,https://www.openstreetmap.org/node/4534861098,2026-10-08T20:21:06Z,,,needs_human_review
1,OSM-NODE-4534861099,mecca,transport,Arafat 2,محطة عرفات رقم 2,,21.341484,39.969028,https://www.openstreetmap.org/node/4534861099,2026-10-08T20:21:06Z,,,needs_human_review
1,OSM-NODE-4534861100,mecca,transport,Arafat 1,محطة عرفات رقم 1,,21.336902,39.975418,https://www.openstreetmap.org/node/4534861100,2026-10-08T20:21:06Z,,,needs_human_review
1,OSM-NODE-4852132708,mecca,transport,Jarwal Bus Station Makkah,محطة حافلات جرول مكة,,21.430409,39.817255,https://www.openstreetmap.org/node/4852132708,2026-10-08T20:21:06Z,,,needs_human_review
1,OSM-NODE-5162740045,mecca,transport,SAPTCO - Umrah Station,SAPTCO - Umrah Station,,21.497716,39.793822,https://www.openstreetmap.org/node/5162740045,2026-10-08T20:21:06Z,,,needs_human_review
1,OSM-NODE-6024783454,mecca,transport,Jamarat (Mina Station 3),قطار المشاعر - محطة منى 3 - الجمرات,,21.418396,39.87064,https://www.openstreetmap.org/node/6024783454,2026-10-08T20:21:06Z,,,needs_human_review
1,OSM-NODE-6131280759,mecca,transport,Jamarat Second Floor - Bus Station,Jamarat Second Floor - Bus Station,,21.409692,39.871688,https://www.openstreetmap.org/node/6131280759,2026-10-08T20:21:06Z,,,needs_human_review
1,OSM-NODE-7068037362,mecca,transport,Mahbbas al Jinnu Bus Station,Mahbbas al Jinnu Bus Station,,21.421997,39.847605,https://www.openstreetmap.org/node/7068037362,2026-10-08T20:21:06Z,,,needs_human_review
1,OSM-WAY-136524016,mecca,transport,Mena Transit Durağı,محطة مِنى للنقل العام,,21.423697,39.830453,https://www.openstreetmap.org/way/136524016,2026-10-08T20:21:06Z,,,needs_human_review
1,OSM-WAY-1383330331,mecca,transport,Bus station,محطة الحافلات,,21.416833,39.825658,https://www.openstreetmap.org/way/1383330331,2026-10-08T20:21:06Z,,,needs_human_review
1,OSM-WAY-458275364,mecca,transport,Maskhoutah Parking,موقف المسخوطة,,21.407331,39.842904,https://www.openstreetmap.org/way/458275364,2026-10-08T20:21:06Z,,,needs_human_review
1,OSM-WAY-527617083,mecca,transport,Al Jamarat Parking,موقف الجمرات,,21.426695,39.859844,https://www.openstreetmap.org/way/527617083,2026-10-08T20:21:06Z,,,needs_human_review
1,OSM-WAY-527658363,mecca,transport,محطة الحافلات,محطة اجياد,,21.416119,39.827239,https://www.openstreetmap.org/way/527658363,2026-10-08T20:21:06Z,,,needs_human_review
1,OSM-NODE-10759289577,medina,hospital,عيادات غوث,عيادات غوث,,24.421529,39.626926,https://www.openstreetmap.org/node/10759289577,2026-10-08T20:21:06Z,,,needs_human_review
1,OSM-NODE-13626140403,medina,hospital,مركز الرعياة الصحية الأولية (درة المدينة),مركز الرعياة الصحية الأولية (درة المدينة),,24.467937,39.640878,https://www.openstreetmap.org/node/13626140403,2026-10-08T20:21:06Z,,,needs_human_review
1,OSM-NODE-3808082022,medina,hospital,Al Safiah Health Centre,مركز صحى الصافية,,24.465803,39.610126,https://www.openstreetmap.org/node/3808082022,2026-10-08T20:21:06Z,,,needs_human_review
1,OSM-NODE-4370423789,medina,hospital,مركز صحي حي النصر,مركز صحي حي النصر,,24.491618,39.595522,https://www.openstreetmap.org/node/4370423789,2026-10-08T20:21:06Z,,,needs_human_review
1,OSM-NODE-4391202489,medina,hospital,الوزن المثالي,الوزن المثالي,,24.469653,39.662641,https://www.openstreetmap.org/node/4391202489,2026-10-08T20:21:06Z,,,needs_human_review
1,OSM-NODE-4534583515,medina,hospital,King Fahd Hospita,مستشفى الملك فهد,,24.495092,39.560891,https://www.openstreetmap.org/node/4534583515,2026-10-08T20:21:06Z,,,needs_human_review
1,OSM-NODE-4534587534,medina,hospital,Madinah Cardiac Center MCC,مركز أمراض وجراحة القلب,,24.494852,39.561504,https://www.openstreetmap.org/node/4534587534,2026-10-08T20:21:06Z,,,needs_human_review
1,OSM-NODE-4534699077,medina,hospital,Medine Uhud Hastanesi,مستشفى أحد,,24.47036,39.546963,https://www.openstreetmap.org/node/4534699077,2026-10-08T20:21:06Z,,,needs_human_review
1,OSM-NODE-4562290635,medina,hospital,مجمع د.وفاء طلبه الطبي,مجمع د.وفاء طلبه الطبي,,24.489998,39.588617,https://www.openstreetmap.org/node/4562290635,2026-10-08T20:21:06Z,,,needs_human_review
1,OSM-NODE-4805827923,medina,hospital,Shifa Medical Center,شفاء الطبي,,24.446976,39.644622,https://www.openstreetmap.org/node/4805827923,2026-10-08T20:21:06Z,,,needs_human_review
1,OSM-NODE-5019295122,medina,hospital,مركز الحجامة الحديث,مركز الحجامة الحديث,,24.456013,39.642148,https://www.openstreetmap.org/node/5019295122,2026-10-08T20:21:06Z,,,needs_human_review
1,OSM-NODE-5124261358,medina,hospital,Bab Jebreel Health Center,مركز صحي باب جبريل,,24.467817,39.613434,https://www.openstreetmap.org/node/5124261358,2026-10-08T20:21:06Z,,,needs_human_review
1,OSM-NODE-5135834018,medina,hospital,Mouwasat Hospital,مستشفى المواساة,,24.523841,39.676797,https://www.openstreetmap.org/node/5135834018,2026-10-08T20:21:06Z,,,needs_human_review
1,OSM-NODE-5135842065,medina,hospital,Magrabi Eye and Ear Center,مستشفى المغربي,,24.524054,39.676914,https://www.openstreetmap.org/node/5135842065,2026-10-08T20:21:06Z,,,needs_human_review
1,OSM-NODE-5371990671,medina,hospital,عيادات الدكتور محمد الحميدي,عيادات الدكتور محمد الحميدي,,24.461857,39.530762,https://www.openstreetmap.org/node/5371990671,2026-10-08T20:21:06Z,,,needs_human_review
1,OSM-NODE-5760176721,medina,hospital,Atebba al Madinah Polyclinic,,,24.479304,39.640548,https://www.openstreetmap.org/node/5760176721,2026-10-08T20:21:06Z,,,needs_human_review
1,OSM-NODE-6315705485,medina,hospital,مركز الملك عبد اللة لغسيل الكلي,مركز الملك عبد اللة لغسيل الكلي,,24.496475,39.609738,https://www.openstreetmap.org/node/6315705485,2026-10-08T20:21:06Z,,,needs_human_review
1,OSM-NODE-7997291530,medina,hospital,المركز التخصصي للعيون,المركز التخصصي للعيون,,24.436208,39.634555,https://www.openstreetmap.org/node/7997291530,2026-10-08T20:21:06Z,,,needs_human_review
1,OSM-NODE-7997293655,medina,hospital,العيادات المتحدة,العيادات المتحدة,,24.432775,39.633947,https://www.openstreetmap.org/node/7997293655,2026-10-08T20:21:06Z,,,needs_human_review
1,OSM-NODE-8025527607,medina,hospital,عيادة د. خالد شناوي,عيادة د. خالد شناوي,,24.451106,39.620536,https://www.openstreetmap.org/node/8025527607,2026-10-08T20:21:06Z,,,needs_human_review
1,OSM-WAY-1122881706,medina,hospital,Al Haram Hospital,مستشفى الحرم,,24.47385,39.603992,https://www.openstreetmap.org/way/1122881706,2026-10-08T20:21:06Z,,,needs_human_review
1,OSM-WAY-310568032,medina,hospital,University Medical Center,المركز الطبي الجامعي,,24.477157,39.565512,https://www.openstreetmap.org/way/310568032,2026-10-08T20:21:06Z,,,needs_human_review
1,OSM-WAY-457211483,medina,hospital,Zehra Hastanesi,مستشفى الزهراء,,24.454153,39.626676,https://www.openstreetmap.org/way/457211483,2026-10-08T20:21:06Z,,,needs_human_review
1,OSM-WAY-458588221,medina,hospital,Al Dar Hospital,مستشفى الدار,,24.441598,39.619721,https://www.openstreetmap.org/way/458588221,2026-10-08T20:21:06Z,,,needs_human_review
1,OSM-WAY-458592017,medina,hospital,المستشفى التخصصي,المستشفى التخصصي,,24.442054,39.64145,https://www.openstreetmap.org/way/458592017,2026-10-08T20:21:06Z,,,needs_human_review
1,OSM-WAY-458592023,medina,hospital,مستشفى المدينة الوطني,مستشفى المدينة الوطني,,24.445914,39.642443,https://www.openstreetmap.org/way/458592023,2026-10-08T20:21:06Z,,,needs_human_review
1,OSM-WAY-458592099,medina,hospital,Medical Rehabilitation Hospital,Medical Rehabilitation Hospital,,24.4507,39.630095,https://www.openstreetmap.org/way/458592099,2026-10-08T20:21:06Z,,,needs_human_review
1,OSM-WAY-458914321,medina,hospital,Al Miqat Hospital,Al Miqat Hospital,,24.41385,39.533459,https://www.openstreetmap.org/way/458914321,2026-10-08T20:21:06Z,,,needs_human_review
1,OSM-WAY-458917828,medina,hospital,Hospital Al Amir Mohammad Bin Abdulaziz,مستشفى الأمير محمد بن عبدالعزيز,,24.533974,39.637033,https://www.openstreetmap.org/way/458917828,2026-10-08T20:21:06Z,,,needs_human_review
1,OSM-WAY-460421854,medina,hospital,Hospital Al Rahmah,مستشفى الرحمة,,24.454123,39.612482,https://www.openstreetmap.org/way/460421854,2026-10-08T20:21:06Z,,,needs_human_review
1,OSM-WAY-65543206,medina,hospital,Safa Al-Medina Hospital,مستشفی صفا المدینة,,24.453968,39.615075,https://www.openstreetmap.org/way/65543206,2026-10-08T20:21:06Z,,,needs_human_review
1,OSM-WAY-66104064,medina,hospital,Medine Ulusal Hastanesi,مرکز المدینة الطبی,,24.480929,39.60035,https://www.openstreetmap.org/way/66104064,2026-10-08T20:21:06Z,,,needs_human_review
1,OSM-WAY-67214962,medina,hospital,Saudi German Hospital,مستشفی السعودی الآلمانی,,24.418343,39.530324,https://www.openstreetmap.org/way/67214962,2026-10-08T20:21:06Z,,,needs_human_review
1,OSM-WAY-757082135,medina,hospital,Dr. Hamid Süleyman Al-Ahmadi Hastanesi,مستشفى الدكتور حامد سليمان الأحمدي,,24.495237,39.606968,https://www.openstreetmap.org/way/757082135,2026-10-08T20:21:06Z,,,needs_human_review
1,OSM-WAY-775627101,medina,hospital,Bab Al Majeedi Healthcare Centre,مركز صحي باب المجيدي,,24.474463,39.612074,https://www.openstreetmap.org/way/775627101,2026-10-08T20:21:06Z,,,needs_human_review
1,OSM-WAY-992288491,medina,hospital,مستشفى الملك فهد,مستشفى الملك فهد,,24.495068,39.559055,https://www.openstreetmap.org/way/992288491,2026-10-08T20:21:06Z,,,needs_human_review
1,OSM-NODE-10754838710,medina,pharmacy,صيدلية بدور,صيدلية بدور,,24.470259,39.604599,https://www.openstreetmap.org/node/10754838710,2026-10-08T20:21:06Z,,,needs_human_review
1,OSM-NODE-10754839498,medina,pharmacy,صيدلية الندى,صيدلية الندى,,24.468154,39.604433,https://www.openstreetmap.org/node/10754839498,2026-10-08T20:21:06Z,,,needs_human_review
1,OSM-NODE-4400886196,medina,pharmacy,النهدي,النهدي,,24.471816,39.581465,https://www.openstreetmap.org/node/4400886196,2026-10-08T20:21:06Z,,,needs_human_review
1,OSM-NODE-4805820827,medina,pharmacy,Nahdi Pharmacy,صيدلية النهدي,,24.44633,39.643661,https://www.openstreetmap.org/node/4805820827,2026-10-08T20:21:06Z,,,needs_human_review
1,OSM-NODE-4805827921,medina,pharmacy,Madinah National Pharmacy,صيدلية المدينة الوطني,,24.445319,39.642518,https://www.openstreetmap.org/node/4805827921,2026-10-08T20:21:06Z,,,needs_human_review
1,OSM-NODE-4807815922,medina,pharmacy,Yosour Pharmacy,صيدلية اليسر,,24.458162,39.654325,https://www.openstreetmap.org/node/4807815922,2026-10-08T20:21:06Z,,,needs_human_review
1,OSM-NODE-4807816123,medina,pharmacy,Nahdi Pharmacy,صيدلية النهدي,,24.461796,39.652425,https://www.openstreetmap.org/node/4807816123,2026-10-08T20:21:06Z,,,needs_human_review
1,OSM-NODE-4807827222,medina,pharmacy,Nahdi Pharmacy,صيدلية النهدي,,24.464115,39.665016,https://www.openstreetmap.org/node/4807827222,2026-10-08T20:21:06Z,,,needs_human_review
1,OSM-NODE-4807891330,medina,pharmacy,Ammar Pharmacy,صيدلية عمار,,24.449925,39.645516,https://www.openstreetmap.org/node/4807891330,2026-10-08T20:21:06Z,,,needs_human_review
1,OSM-NODE-4841331421,medina,pharmacy,Al Nahhas Pharmacy,صيدلية النحاس,,24.450081,39.662852,https://www.openstreetmap.org/node/4841331421,2026-10-08T20:21:06Z,,,needs_human_review
1,OSM-NODE-5033547121,medina,pharmacy,Nahdi Pharmacy,صيدلية النهدي,,24.401192,39.607544,https://www.openstreetmap.org/node/5033547121,2026-10-08T20:21:06Z,,,needs_human_review
1,OSM-NODE-5033550024,medina,pharmacy,Pharmacy ALnhs,صيدلية النحاس,,24.398481,39.608834,https://www.openstreetmap.org/node/5033550024,2026-10-08T20:21:06Z,,,needs_human_review
1,OSM-NODE-5077515872,medina,pharmacy,Nahdi,صيدلية النهدي,,24.472779,39.610907,https://www.openstreetmap.org/node/5077515872,2026-10-08T20:21:06Z,,,needs_human_review
1,OSM-NODE-5077580778,medina,pharmacy,Pharmacy Nahdi,Pharmacy Nahdi,,24.485915,39.608798,https://www.openstreetmap.org/node/5077580778,2026-10-08T20:21:06Z,,,needs_human_review
1,OSM-NODE-5077585880,medina,pharmacy,Nahdi Pharmacy,Nahdi Pharmacy,,24.495964,39.595827,https://www.openstreetmap.org/node/5077585880,2026-10-08T20:21:06Z,,,needs_human_review
1,OSM-NODE-5077587417,medina,pharmacy,Nahdi Pharmacy,Nahdi Pharmacy,,24.490202,39.590196,https://www.openstreetmap.org/node/5077587417,2026-10-08T20:21:06Z,,,needs_human_review
1,OSM-NODE-5077599007,medina,pharmacy,Nahdi Pharmacy,Nahdi Pharmacy,,24.45912,39.586415,https://www.openstreetmap.org/node/5077599007,2026-10-08T20:21:06Z,,,needs_human_review
1,OSM-NODE-5077601152,medina,pharmacy,Nahdi Pharmacy,Nahdi Pharmacy,,24.478517,39.582597,https://www.openstreetmap.org/node/5077601152,2026-10-08T20:21:06Z,,,needs_human_review
1,OSM-NODE-5077606431,medina,pharmacy,Nahdi Pharmacy,Nahdi Pharmacy,,24.433785,39.591087,https://www.openstreetmap.org/node/5077606431,2026-10-08T20:21:06Z,,,needs_human_review
1,OSM-NODE-5077614073,medina,pharmacy,Nahdi Pharmacy,Nahdi Pharmacy,,24.468884,39.63504,https://www.openstreetmap.org/node/5077614073,2026-10-08T20:21:06Z,,,needs_human_review
1,OSM-NODE-5077617673,medina,pharmacy,Nahdi Pharmacy,Nahdi Pharmacy,,24.458481,39.654098,https://www.openstreetmap.org/node/5077617673,2026-10-08T20:21:06Z,,,needs_human_review
1,OSM-NODE-5077689942,medina,pharmacy,Nahdi Pharmacy,Nahdi Pharmacy,,24.489115,39.580536,https://www.openstreetmap.org/node/5077689942,2026-10-08T20:21:06Z,,,needs_human_review
1,OSM-NODE-5086046958,medina,pharmacy,Al Mugharbel Pharmacy,Al Mugharbel Pharmacy,,24.463577,39.611997,https://www.openstreetmap.org/node/5086046958,2026-10-08T20:21:06Z,,,needs_human_review
1,OSM-NODE-5086238980,medina,pharmacy,United Pharmacy,المتحدة,,24.477583,39.648014,https://www.openstreetmap.org/node/5086238980,2026-10-08T20:21:06Z,,,needs_human_review
1,OSM-NODE-5086291099,medina,pharmacy,AnNahdi Pharmacy,صيدلية النهدي,,24.46853,39.548773,https://www.openstreetmap.org/node/5086291099,2026-10-08T20:21:06Z,,,needs_human_review
1,OSM-NODE-5086411018,medina,pharmacy,Pharmacy al-Nahhas,صيدلية النحاس,,24.432595,39.584973,https://www.openstreetmap.org/node/5086411018,2026-10-08T20:21:06Z,,,needs_human_review
1,OSM-NODE-5086569493,medina,pharmacy,Pharmacy Dar El Mokhtar,صيدلية دار المختار,,24.438846,39.616086,https://www.openstreetmap.org/node/5086569493,2026-10-08T20:21:06Z,,,needs_human_review
1,OSM-NODE-5124292405,medina,pharmacy,Al-Dawaa Pharmacy,صيدليات الدواء,,24.471191,39.607773,https://www.openstreetmap.org/node/5124292405,2026-10-08T20:21:06Z,,,needs_human_review
1,OSM-NODE-5124300165,medina,pharmacy,Boots Pharmacy,Boots Pharmacy,,24.471523,39.613245,https://www.openstreetmap.org/node/5124300165,2026-10-08T20:21:06Z,,,needs_human_review
1,OSM-NODE-6030680430,medina,pharmacy,Al-Eman Pharmacy,Al-Eman Pharmacy,,24.464655,39.61654,https://www.openstreetmap.org/node/6030680430,2026-10-08T20:21:06Z,,,needs_human_review
1,OSM-NODE-6231012445,medina,pharmacy,Alsaggaf Pharmacy,Alsaggaf Pharmacy,,24.471692,39.612046,https://www.openstreetmap.org/node/6231012445,2026-10-08T20:21:06Z,,,needs_human_review
1,OSM-NODE-6245303202,medina,pharmacy,Nahdi,صيدلية النهدي,,24.465249,39.610301,https://www.openstreetmap.org/node/6245303202,2026-10-08T20:21:06Z,,,needs_human_review
1,OSM-NODE-6245386166,medina,pharmacy,Nahdi,صيدلية النهدي,,24.46458,39.612356,https://www.openstreetmap.org/node/6245386166,2026-10-08T20:21:06Z,,,needs_human_review
1,OSM-NODE-6249230568,medina,pharmacy,Pharmacy Nahdi,صيدلية النهدي,,24.471125,39.610787,https://www.openstreetmap.org/node/6249230568,2026-10-08T20:21:06Z,,,needs_human_review
1,OSM-NODE-6251571481,medina,pharmacy,Nahdi,صيدلية النهدي,,24.465373,39.606744,https://www.openstreetmap.org/node/6251571481,2026-10-08T20:21:06Z,,,needs_human_review
1,OSM-NODE-6340718555,medina,pharmacy,Pharmacy Nahdi,صيدلية النهدي,,24.471134,39.610016,https://www.openstreetmap.org/node/6340718555,2026-10-08T20:21:06Z,,,needs_human_review
1,OSM-NODE-8007264232,medina,pharmacy,صيدلية النهدي,صيدلية النهدي,,24.447145,39.644569,https://www.openstreetmap.org/node/8007264232,2026-10-08T20:21:06Z,,,needs_human_review
1,OSM-NODE-8014750794,medina,pharmacy,مستودع البادى للأدوية,مستودع البادى للأدوية,,24.460188,39.626186,https://www.openstreetmap.org/node/8014750794,2026-10-08T20:21:06Z,,,needs_human_review
1,OSM-NODE-8017503495,medina,pharmacy,صيدلية النحاس,صيدلية النحاس,,24.456798,39.624731,https://www.openstreetmap.org/node/8017503495,2026-10-08T20:21:06Z,,,needs_human_review
1,OSM-NODE-8018677789,medina,pharmacy,صيدلية صديق الفلاح البيطرية,صيدلية صديق الفلاح البيطرية,,24.455306,39.617449,https://www.openstreetmap.org/node/8018677789,2026-10-08T20:21:06Z,,,needs_human_review
1,OSM-NODE-8026324631,medina,pharmacy,"صيدلية المستقبل
الطبي","صيدلية المستقبل
الطبي",,24.446836,39.619881,https://www.openstreetmap.org/node/8026324631,2026-10-08T20:21:06Z,,,needs_human_review
1,OSM-NODE-8026346303,medina,pharmacy,Nahdi,صيدلية النهدي,,24.449295,39.620201,https://www.openstreetmap.org/node/8026346303,2026-10-08T20:21:06Z,,,needs_human_review
1,OSM-NODE-8288192717,medina,pharmacy,AL Nahas Pharmacy,صيدلية النحاس,,24.440051,39.615378,https://www.openstreetmap.org/node/8288192717,2026-10-08T20:21:06Z,,,needs_human_review
1,OSM-WAY-757077907,medina,pharmacy,Nahdi Pharmacy,Nahdi Pharmacy,,24.495121,39.604469,https://www.openstreetmap.org/way/757077907,2026-10-08T20:21:06Z,,,needs_human_review
1,OSM-NODE-5086281493,medina,police,Al Khaldeya Police Station,مركز شرطة الخالدية,,24.456305,39.664434,https://www.openstreetmap.org/node/5086281493,2026-10-08T20:21:06Z,,,needs_human_review
1,OSM-NODE-6800613498,medina,police,Command Security Force Prophet's Mosque,قيادة قوة امن المسجد النبوى,,24.465755,39.612498,https://www.openstreetmap.org/node/6800613498,2026-10-08T20:21:06Z,,,needs_human_review
1,OSM-NODE-8007232501,medina,police,مركز شرطة العوالي,مركز شرطة العوالي,,24.441096,39.644434,https://www.openstreetmap.org/node/8007232501,2026-10-08T20:21:06Z,,,needs_human_review
1,OSM-NODE-10957110707,medina,transport,Haramain High Speed Railway - Madinah,قطار الحرمين السريع - المدينة المنورة,,24.472297,39.699604,https://www.openstreetmap.org/node/10957110707,2026-10-08T20:21:06Z,,,needs_human_review
1,OSM-NODE-11545563957,medina,transport,Madinah Bus Station,محطة حافلات المدينة,,24.492004,39.624392,https://www.openstreetmap.org/node/11545563957,2026-10-08T20:21:06Z,,,needs_human_review
1,OSM-NODE-1236691779,medina,transport,Muhit Station,محطة محيط,,24.497571,39.469531,https://www.openstreetmap.org/node/1236691779,2026-10-08T20:21:06Z,,,needs_human_review
1,OSM-NODE-12847369501,medina,transport,حافلات المدينة,حافلات المدينة,,24.465956,39.60258,https://www.openstreetmap.org/node/12847369501,2026-10-08T20:21:06Z,,,needs_human_review
1,OSM-NODE-13626142601,medina,transport,النقل الترددي (103) الخالدية,النقل الترددي (103) الخالدية,,24.467219,39.65029,https://www.openstreetmap.org/node/13626142601,2026-10-08T20:21:06Z,,,needs_human_review
1,OSM-NODE-5900306332,medina,transport,Saptco Vip Express,Saptco Vip Express,,24.463643,39.610064,https://www.openstreetmap.org/node/5900306332,2026-10-08T20:21:06Z,,,needs_human_review
1,OSM-NODE-5900331631,medina,transport,Al Aliyah Bus Station,Al Aliyah Bus Station,,24.467565,39.603628,https://www.openstreetmap.org/node/5900331631,2026-10-08T20:21:06Z,,,needs_human_review
1,OSM-NODE-5900385754,medina,transport,Al Azhery Bus Station,Al Azhery Bus Station,,24.47203,39.611294,https://www.openstreetmap.org/node/5900385754,2026-10-08T20:21:06Z,,,needs_human_review
1,OSM-NODE-6230943760,medina,transport,Al Aliyah Bus Station,Al Aliyah Bus Station,,24.467205,39.605912,https://www.openstreetmap.org/node/6230943760,2026-10-08T20:21:06Z,,,needs_human_review
1,OSM-NODE-6279643282,medina,transport,Shazah Bus Station,Shazah Bus Station,,24.465576,39.61332,https://www.openstreetmap.org/node/6279643282,2026-10-08T20:21:06Z,,,needs_human_review
1,OSM-WAY-357339463,medina,transport,Saptco Bus Station,Saptco Bus Station,,24.475755,39.546077,https://www.openstreetmap.org/way/357339463,2026-10-08T20:21:06Z,,,needs_human_review
2,OSM-NODE-11008005642,mecca,religiousSite,معارض السيارات القديمة,معارض السيارات القديمة,,21.379418,39.893412,https://www.openstreetmap.org/node/11008005642,2026-10-08T20:21:06Z,,,needs_human_review
2,OSM-NODE-11275994969,mecca,religiousSite,جامع دورة ٤٤ الأمنية,جامع دورة ٤٤ الأمنية,,21.329087,39.714206,https://www.openstreetmap.org/node/11275994969,2026-10-08T20:21:06Z,,,needs_human_review
2,OSM-NODE-11871306992,mecca,religiousSite,`Ayn Zubaydah,عين زبيدة,,21.329537,40.033011,https://www.openstreetmap.org/node/11871306992,2026-10-08T20:21:06Z,,,needs_human_review
2,OSM-NODE-1199442699,mecca,religiousSite,Shami Corner,Shami Corner,,21.422537,39.82611,https://www.openstreetmap.org/node/1199442699,2026-10-08T20:21:06Z,,,needs_human_review
2,OSM-NODE-1199442700,mecca,religiousSite,Yemani Köşesi,الركن اليماني,,21.422447,39.826174,https://www.openstreetmap.org/node/1199442700,2026-10-08T20:21:06Z,,,needs_human_review
2,OSM-NODE-1199442721,mecca,religiousSite,Karataş,الحجر الأسود,,21.422498,39.826255,https://www.openstreetmap.org/node/1199442721,2026-10-08T20:21:06Z,,,needs_human_review
2,OSM-NODE-12041102878,mecca,religiousSite,مسجد,مسجد,,21.2958,39.996087,https://www.openstreetmap.org/node/12041102878,2026-10-08T20:21:06Z,,,needs_human_review
2,OSM-NODE-1236463804,mecca,religiousSite,Arafat Dağı,جبل الرحمة,,21.3548,39.984102,https://www.openstreetmap.org/node/1236463804,2026-10-08T20:21:06Z,,,needs_human_review
2,OSM-NODE-12512621587,mecca,religiousSite,Masjid Mohamed Al Sabil,مسجد محمد السبيل,,21.406122,39.833038,https://www.openstreetmap.org/node/12512621587,2026-10-08T20:21:06Z,,,needs_human_review
2,OSM-NODE-12512621588,mecca,religiousSite,Masjid,مسجد,,21.401371,39.831162,https://www.openstreetmap.org/node/12512621588,2026-10-08T20:21:06Z,,,needs_human_review
2,OSM-NODE-12512621589,mecca,religiousSite,Masjid Ibn Ammar,مسجد ابن عمار,,21.40772,39.83104,https://www.openstreetmap.org/node/12512621589,2026-10-08T20:21:06Z,,,needs_human_review
2,OSM-NODE-12809369890,mecca,religiousSite,Masjid Abu Marwan,مسجد ابو مروان,,21.412929,39.823881,https://www.openstreetmap.org/node/12809369890,2026-10-08T20:21:06Z,,,needs_human_review
2,OSM-NODE-12811519291,mecca,religiousSite,Masjid,مسجد,,21.412912,39.823418,https://www.openstreetmap.org/node/12811519291,2026-10-08T20:21:06Z,,,needs_human_review
2,OSM-NODE-13136146846,mecca,religiousSite,Al Haram boundary - Arafat,حد الحرم - عرفات,,21.361471,39.960155,https://www.openstreetmap.org/node/13136146846,2026-10-08T20:21:06Z,,,needs_human_review
2,OSM-NODE-13136146929,mecca,religiousSite,Al Haram boundary - Al Awaly-Taif Road,حد الحرم العوالي طريق الطائف,,21.341296,39.939951,https://www.openstreetmap.org/node/13136146929,2026-10-08T20:21:06Z,,,needs_human_review
2,OSM-NODE-13136147183,mecca,religiousSite,Al Haram boundary - Al Husayniyah,حدود الحرم الجنوبية الحسينية,,21.327143,39.882334,https://www.openstreetmap.org/node/13136147183,2026-10-08T20:21:06Z,,,needs_human_review
2,OSM-NODE-13136147932,mecca,religiousSite,Al Haram boundary - southwest,حدود الحرم الجنوبية الغربية,,21.312882,39.706948,https://www.openstreetmap.org/node/13136147932,2026-10-08T20:21:06Z,,,needs_human_review
2,OSM-NODE-13136148832,mecca,religiousSite,Al Haram boundary - North,حدود الحرم الشمالية,,21.455479,39.721968,https://www.openstreetmap.org/node/13136148832,2026-10-08T20:21:06Z,,,needs_human_review
2,OSM-NODE-13136149128,mecca,religiousSite,Al Haram boundary - Al Fayhaa,حدود الحرم الشمالية - الفيحاء,,21.472838,39.761962,https://www.openstreetmap.org/node/13136149128,2026-10-08T20:21:06Z,,,needs_human_review
2,OSM-NODE-13136149296,mecca,religiousSite,Al Haram boundary - At Tanim,حدود الحرم الشمالية - التنعيم,,21.467006,39.801329,https://www.openstreetmap.org/node/13136149296,2026-10-08T20:21:06Z,,,needs_human_review
2,OSM-NODE-13136149298,mecca,religiousSite,Al Haram boundary - At Tanim,حدود الحرم الشمالية - التنعيم,,21.467651,39.80219,https://www.openstreetmap.org/node/13136149298,2026-10-08T20:21:06Z,,,needs_human_review
2,OSM-NODE-13136149385,mecca,religiousSite,Al Haram boundary - Bashm,حدود الحرم الشمالية - بشم,,21.482107,39.81995,https://www.openstreetmap.org/node/13136149385,2026-10-08T20:21:06Z,,,needs_human_review
2,OSM-NODE-13136149441,mecca,religiousSite,Al Haram boundary - North,حدود الحرم الشمالية,,21.486921,39.834509,https://www.openstreetmap.org/node/13136149441,2026-10-08T20:21:06Z,,,needs_human_review
2,OSM-NODE-13136149594,mecca,religiousSite,Al Haram boundary - North,حدود الحرم الشمالية,,21.504438,39.86679,https://www.openstreetmap.org/node/13136149594,2026-10-08T20:21:06Z,,,needs_human_review
2,OSM-NODE-13136149600,mecca,religiousSite,Al Haram boundary - North,حدود الحرم الشمالية,,21.505843,39.868562,https://www.openstreetmap.org/node/13136149600,2026-10-08T20:21:06Z,,,needs_human_review
2,OSM-NODE-13136149677,mecca,religiousSite,Al Haram boundary - North,حدود الحرم الشمالية,,21.519481,39.880088,https://www.openstreetmap.org/node/13136149677,2026-10-08T20:21:06Z,,,needs_human_review
2,OSM-NODE-13158434519,mecca,religiousSite,Al Haram boundary - Al Awaly-Taif Road,حد الحرم العوالي طريق الطائف,,21.340971,39.939275,https://www.openstreetmap.org/node/13158434519,2026-10-08T20:21:06Z,,,needs_human_review
2,OSM-NODE-13158530864,mecca,religiousSite,Al Haram boundary - Al Husayniyah,حدود الحرم الجنوبية الحسينية,,21.327134,39.881833,https://www.openstreetmap.org/node/13158530864,2026-10-08T20:21:06Z,,,needs_human_review
2,OSM-NODE-13158530865,mecca,religiousSite,Al Haram boundary - Al Ukayshiyah,حدود الحرم الجنوبية العكيشية,,21.316828,39.813565,https://www.openstreetmap.org/node/13158530865,2026-10-08T20:21:06Z,,,needs_human_review
2,OSM-NODE-13158530866,mecca,religiousSite,Al Haram boundary - Al Ukayshiyah,حدود الحرم الجنوبية العكيشية,,21.316974,39.812888,https://www.openstreetmap.org/node/13158530866,2026-10-08T20:21:06Z,,,needs_human_review
2,OSM-NODE-13158530867,mecca,religiousSite,Al Haram boundary - southwest,حدود الحرم الجنوبية الغربية,,21.312887,39.715359,https://www.openstreetmap.org/node/13158530867,2026-10-08T20:21:06Z,,,needs_human_review
2,OSM-NODE-13158530868,mecca,religiousSite,Al Haram boundary - Al Laith Road,حدود الحرم طريق الليث,,21.313046,39.706332,https://www.openstreetmap.org/node/13158530868,2026-10-08T20:21:06Z,,,needs_human_review
2,OSM-NODE-13158530869,mecca,religiousSite,Al Haram boundary - Al Laith Road,حدود الحرم طريق الليث,,21.332547,39.658602,https://www.openstreetmap.org/node/13158530869,2026-10-08T20:21:06Z,,,needs_human_review
2,OSM-NODE-13158530870,mecca,religiousSite,Al Haram boundary - Al Laith Road,حدود الحرم طريق الليث,,21.333378,39.658428,https://www.openstreetmap.org/node/13158530870,2026-10-08T20:21:06Z,,,needs_human_review
2,OSM-NODE-13158530873,mecca,religiousSite,Al Haram boundary - Al Fayhaa,حدود الحرم الشمالية - الفيحاء,,21.472926,39.762183,https://www.openstreetmap.org/node/13158530873,2026-10-08T20:21:06Z,,,needs_human_review
2,OSM-NODE-13158530874,mecca,religiousSite,Al Haram boundary - At Tanim,حدود الحرم الشمالية - التنعيم,,21.474643,39.791579,https://www.openstreetmap.org/node/13158530874,2026-10-08T20:21:06Z,,,needs_human_review
2,OSM-NODE-13158530875,mecca,religiousSite,Al Haram boundary - At Tanim,حدود الحرم الشمالية - التنعيم,,21.466608,39.801138,https://www.openstreetmap.org/node/13158530875,2026-10-08T20:21:06Z,,,needs_human_review
2,OSM-NODE-13158530876,mecca,religiousSite,Al Haram boundary - North,حدود الحرم الشمالية,,21.504192,39.866178,https://www.openstreetmap.org/node/13158530876,2026-10-08T20:21:06Z,,,needs_human_review
2,OSM-NODE-13158530877,mecca,religiousSite,Al Haram boundary - Ash Sharai,حد الحرم - الشرائع,,21.493074,39.937738,https://www.openstreetmap.org/node/13158530877,2026-10-08T20:21:06Z,,,needs_human_review
2,OSM-NODE-13158530878,mecca,religiousSite,Al Haram boundary - Ash Sharai,حد الحرم - الشرائع,,21.485918,39.94157,https://www.openstreetmap.org/node/13158530878,2026-10-08T20:21:06Z,,,needs_human_review
2,OSM-NODE-13158530879,mecca,religiousSite,Al Haram boundary - Ash Sharai,حد الحرم - الشرائع,,21.485343,39.941612,https://www.openstreetmap.org/node/13158530879,2026-10-08T20:21:06Z,,,needs_human_review
2,OSM-NODE-13158530880,mecca,religiousSite,Al Haram boundary - Ash Sharai,حد الحرم - الشرائع,,21.477495,39.944275,https://www.openstreetmap.org/node/13158530880,2026-10-08T20:21:06Z,,,needs_human_review
2,OSM-NODE-13158530881,mecca,religiousSite,Al Haram boundary - Ash Sharai,حد الحرم - الشرائع,,21.477334,39.944412,https://www.openstreetmap.org/node/13158530881,2026-10-08T20:21:06Z,,,needs_human_review
2,OSM-NODE-13158530882,mecca,religiousSite,Al Haram boundary - Ash Sharai,حد الحرم - الشرائع,,21.473365,39.94779,https://www.openstreetmap.org/node/13158530882,2026-10-08T20:21:06Z,,,needs_human_review
2,OSM-NODE-13158530883,mecca,religiousSite,Al Haram boundary - Ash Sharai,حد الحرم - الشرائع,,21.473204,39.947927,https://www.openstreetmap.org/node/13158530883,2026-10-08T20:21:06Z,,,needs_human_review
2,OSM-NODE-13158530884,mecca,religiousSite,Al Haram boundary - Ash Sharai,حد الحرم - الشرائع,,21.467852,39.951711,https://www.openstreetmap.org/node/13158530884,2026-10-08T20:21:06Z,,,needs_human_review
2,OSM-NODE-13158530885,mecca,religiousSite,Al Haram boundary - Ash Sharai,حد الحرم - الشرائع,,21.467664,39.95184,https://www.openstreetmap.org/node/13158530885,2026-10-08T20:21:06Z,,,needs_human_review
2,OSM-NODE-13158530886,mecca,religiousSite,Al Haram boundary - Ash Sharai,حد الحرم - الشرائع,,21.463235,39.954867,https://www.openstreetmap.org/node/13158530886,2026-10-08T20:21:06Z,,,needs_human_review
2,OSM-NODE-13158530887,mecca,religiousSite,Al Haram boundary - Ash Sharai,حد الحرم - الشرائع,,21.462991,39.955034,https://www.openstreetmap.org/node/13158530887,2026-10-08T20:21:06Z,,,needs_human_review
2,OSM-NODE-13158530888,mecca,religiousSite,Al Haram boundary - Ash Sharai,حد الحرم - الشرائع,,21.458832,39.958166,https://www.openstreetmap.org/node/13158530888,2026-10-08T20:21:06Z,,,needs_human_review
2,OSM-NODE-13158530889,mecca,religiousSite,Al Haram boundary - Ash Sharai,حد الحرم - الشرائع,,21.458476,39.958634,https://www.openstreetmap.org/node/13158530889,2026-10-08T20:21:06Z,,,needs_human_review
2,OSM-NODE-13158530890,mecca,religiousSite,Al Haram boundary - Ash Sharai,حد الحرم - الشرائع,,21.448741,39.964636,https://www.openstreetmap.org/node/13158530890,2026-10-08T20:21:06Z,,,needs_human_review
2,OSM-NODE-13158530891,mecca,religiousSite,Al Haram boundary - Ash Sharai,حد الحرم - الشرائع,,21.448339,39.964758,https://www.openstreetmap.org/node/13158530891,2026-10-08T20:21:06Z,,,needs_human_review
2,OSM-NODE-13158530892,mecca,religiousSite,Al Haram boundary - Umar Qadi Street,حد الحرم - شارع عمر قاضي,,21.444644,39.96561,https://www.openstreetmap.org/node/13158530892,2026-10-08T20:21:06Z,,,needs_human_review
2,OSM-NODE-13158530893,mecca,religiousSite,Al Haram boundary - Umar Qadi Street,حد الحرم - شارع عمر قاضي,,21.443849,39.965794,https://www.openstreetmap.org/node/13158530893,2026-10-08T20:21:06Z,,,needs_human_review
2,OSM-NODE-13158530894,mecca,religiousSite,Al Haram boundary - Arafat,حد الحرم - عرفات,,21.359325,39.957954,https://www.openstreetmap.org/node/13158530894,2026-10-08T20:21:06Z,,,needs_human_review
2,OSM-NODE-13164831003,mecca,religiousSite,المسجد القطري بالخالدية,المسجد القطري بالخالدية,,21.395003,39.786555,https://www.openstreetmap.org/node/13164831003,2026-10-08T20:21:06Z,,,needs_human_review
2,OSM-NODE-13271136777,mecca,religiousSite,Conquest of Mecca,فتح مكة,,21.423188,39.826111,https://www.openstreetmap.org/node/13271136777,2026-10-08T20:21:06Z,,,needs_human_review
2,OSM-NODE-13272059528,mecca,religiousSite,Siege of Mecca (683),حصار مكة (683),,21.422836,39.825549,https://www.openstreetmap.org/node/13272059528,2026-10-08T20:21:06Z,,,needs_human_review
2,OSM-NODE-14166486701,mecca,religiousSite,المسجد القطري بمكة امام المسجد الشيخ المحيسني,المسجد القطري بمكة امام المسجد الشيخ المحيسني,,21.419124,39.855037,https://www.openstreetmap.org/node/14166486701,2026-10-08T20:21:06Z,,,needs_human_review
2,OSM-NODE-2504820797,mecca,religiousSite,مسجد عبد الله السديس,مسجد عبد الله السديس,,21.35974,39.831744,https://www.openstreetmap.org/node/2504820797,2026-10-08T20:21:06Z,,,needs_human_review
2,OSM-NODE-3104658731,mecca,religiousSite,المسجد,المسجد,,21.355413,39.835346,https://www.openstreetmap.org/node/3104658731,2026-10-08T20:21:06Z,,,needs_human_review
2,OSM-NODE-3732559985,mecca,religiousSite,Hira Mağarası,غار حراء,,21.457371,39.859195,https://www.openstreetmap.org/node/3732559985,2026-10-08T20:21:06Z,,,needs_human_review
2,OSM-NODE-4144223248,mecca,religiousSite,Küçük Şeytan,الجمرة الصغرى,,21.419908,39.874179,https://www.openstreetmap.org/node/4144223248,2026-10-08T20:21:06Z,,,needs_human_review
2,OSM-NODE-4144223249,mecca,religiousSite,Orta Şeytan,الجمرة الوسطى,,21.42074,39.873,https://www.openstreetmap.org/node/4144223249,2026-10-08T20:21:06Z,,,needs_human_review
2,OSM-NODE-4144223250,mecca,religiousSite,Büyük Şeytan,الجمرة الكبرى,,21.421649,39.870942,https://www.openstreetmap.org/node/4144223250,2026-10-08T20:21:06Z,,,needs_human_review
2,OSM-NODE-4340320589,mecca,religiousSite,مسجد الشنقيطي,مسجد الشنقيطي,,21.446616,39.821385,https://www.openstreetmap.org/node/4340320589,2026-10-08T20:21:06Z,,,needs_human_review
2,OSM-NODE-4532966297,mecca,religiousSite,Masjid Al Bukhari,البخاري,,21.415758,39.830517,https://www.openstreetmap.org/node/4532966297,2026-10-08T20:21:06Z,,,needs_human_review
2,OSM-NODE-4564165624,mecca,religiousSite,الصابرين,الصابرين,,21.380555,39.8201,https://www.openstreetmap.org/node/4564165624,2026-10-08T20:21:06Z,,,needs_human_review
2,OSM-NODE-4564314460,mecca,religiousSite,Masjid As Sheikh Amar An Nahdi,عامر النهدي,,21.399067,39.880067,https://www.openstreetmap.org/node/4564314460,2026-10-08T20:21:06Z,,,needs_human_review
2,OSM-NODE-4580281354,mecca,religiousSite,مسجد الإحسان ومبنى توعية الجاليات,مسجد الإحسان ومبنى توعية الجاليات,,21.395281,39.797787,https://www.openstreetmap.org/node/4580281354,2026-10-08T20:21:06Z,,,needs_human_review
2,OSM-NODE-4704236829,mecca,religiousSite,Masjid as-Saliheen,مسجد الصالحين,,21.465715,39.937136,https://www.openstreetmap.org/node/4704236829,2026-10-08T20:21:06Z,,,needs_human_review
2,OSM-NODE-4704277749,mecca,religiousSite,Masjid Ashaybani,مسجد الشيباني,,21.48331,39.942529,https://www.openstreetmap.org/node/4704277749,2026-10-08T20:21:06Z,,,needs_human_review
2,OSM-NODE-4715776689,mecca,religiousSite,Al-Gazawe mosque,مسجد الغزاوي,,21.454075,39.846163,https://www.openstreetmap.org/node/4715776689,2026-10-08T20:21:06Z,,,needs_human_review
2,OSM-NODE-5126508173,mecca,religiousSite,Masjid Abu Baker As-Siddiq - 3rd Floor,ابوبكر الصديق-الطابق الثالث,,21.420018,39.824234,https://www.openstreetmap.org/node/5126508173,2026-10-08T20:21:06Z,,,needs_human_review
2,OSM-NODE-5161010497,mecca,religiousSite,مسجد حجز الشرائع,مسجد حجز الشرائع,,21.483727,39.916641,https://www.openstreetmap.org/node/5161010497,2026-10-08T20:21:06Z,,,needs_human_review
2,OSM-NODE-5209335622,mecca,religiousSite,مصلى العيد,مصلى العيد,,21.349418,39.910822,https://www.openstreetmap.org/node/5209335622,2026-10-08T20:21:06Z,,,needs_human_review
2,OSM-NODE-5209338261,mecca,religiousSite,جامع الإمام مسلم,جامع الإمام مسلم,,21.345288,39.908504,https://www.openstreetmap.org/node/5209338261,2026-10-08T20:21:06Z,,,needs_human_review
2,OSM-NODE-5459802218,mecca,religiousSite,Masjid Hajar Niazi,مسجد هاجر نيازي,,21.507052,39.761931,https://www.openstreetmap.org/node/5459802218,2026-10-08T20:21:06Z,,,needs_human_review
2,OSM-NODE-5631614690,mecca,religiousSite,مسحد حسن السبحي,مسحد حسن السبحي,,21.367707,39.774849,https://www.openstreetmap.org/node/5631614690,2026-10-08T20:21:06Z,,,needs_human_review
2,OSM-NODE-5871677446,mecca,religiousSite,Masjid Khatija,Masjid Khatija,,21.398387,39.79038,https://www.openstreetmap.org/node/5871677446,2026-10-08T20:21:06Z,,,needs_human_review
2,OSM-NODE-5871688534,mecca,religiousSite,Masjid Khair,Masjid Khair,,21.40214,39.788205,https://www.openstreetmap.org/node/5871688534,2026-10-08T20:21:06Z,,,needs_human_review
2,OSM-NODE-5923016911,mecca,religiousSite,Prayer Hall - Abraj al Bait,Prayer Hall - Abraj al Bait,,21.419402,39.825612,https://www.openstreetmap.org/node/5923016911,2026-10-08T20:21:06Z,,,needs_human_review
2,OSM-NODE-6844620719,mecca,religiousSite,Peygamberimizin Doğduğu Evi,The place where the Prophet Muhammad was born,,21.424947,39.829935,https://www.openstreetmap.org/node/6844620719,2026-10-08T20:21:06Z,,,needs_human_review
2,OSM-NODE-8096471517,mecca,religiousSite,Al-Rahma Mosque,جامع الرحمة,,21.369046,39.832677,https://www.openstreetmap.org/node/8096471517,2026-10-08T20:21:06Z,,,needs_human_review
2,OSM-NODE-8597652517,mecca,religiousSite,مسجد دار الهجرة,مسجد دار الهجرة,,21.392252,39.839915,https://www.openstreetmap.org/node/8597652517,2026-10-08T20:21:06Z,,,needs_human_review
2,OSM-NODE-8794911100,mecca,religiousSite,Irakî köşesi,Iraqi Corner,,21.422586,39.826192,https://www.openstreetmap.org/node/8794911100,2026-10-08T20:21:06Z,,,needs_human_review
2,OSM-WAY-103914569,mecca,religiousSite,Kabe-i Muzzama,الكعبة,,21.42252,39.82618,https://www.openstreetmap.org/way/103914569,2026-10-08T20:21:06Z,,,needs_human_review
2,OSM-WAY-112317307,mecca,religiousSite,Namira Camii,مسجد نمرة,,21.353188,39.965845,https://www.openstreetmap.org/way/112317307,2026-10-08T20:21:06Z,,,needs_human_review
2,OSM-WAY-1215897253,mecca,religiousSite,مسجد نبع الخير,مسجد نبع الخير,,21.480607,39.841676,https://www.openstreetmap.org/way/1215897253,2026-10-08T20:21:06Z,,,needs_human_review
2,OSM-WAY-1245586696,mecca,religiousSite,Masjid al Homimidi,Masjid al Homimidi,,21.430461,39.835957,https://www.openstreetmap.org/way/1245586696,2026-10-08T20:21:06Z,,,needs_human_review
2,OSM-WAY-1299932386,mecca,religiousSite,مسجد,مسجد,,21.360662,39.899256,https://www.openstreetmap.org/way/1299932386,2026-10-08T20:21:06Z,,,needs_human_review
2,OSM-WAY-1301802487,mecca,religiousSite,Al-Ghamdi Mosque,Al-Ghamdi Mosque,,21.331968,39.678533,https://www.openstreetmap.org/way/1301802487,2026-10-08T20:21:06Z,,,needs_human_review
2,OSM-WAY-1303124753,mecca,religiousSite,The companions mosque may God be pleased with them,مسجد الصحابة,,21.462259,39.959366,https://www.openstreetmap.org/way/1303124753,2026-10-08T20:21:06Z,,,needs_human_review
2,OSM-WAY-133675018,mecca,religiousSite,Masjid Kuwaiti,Masjid Kuwaiti,,21.416032,39.896489,https://www.openstreetmap.org/way/133675018,2026-10-08T20:21:06Z,,,needs_human_review
2,OSM-WAY-1379281232,mecca,religiousSite,جامع موسى بن حمد الموسى,جامع موسى بن حمد الموسى,,21.392714,39.794136,https://www.openstreetmap.org/way/1379281232,2026-10-08T20:21:06Z,,,needs_human_review
2,OSM-WAY-1385338696,mecca,religiousSite,مسجد درويش فودة,مسجد درويش فودة,,21.355422,39.784372,https://www.openstreetmap.org/way/1385338696,2026-10-08T20:21:06Z,,,needs_human_review
2,OSM-WAY-1385338697,mecca,religiousSite,مسجد السليماني,مسجد السليماني,,21.360224,39.785091,https://www.openstreetmap.org/way/1385338697,2026-10-08T20:21:06Z,,,needs_human_review
2,OSM-WAY-1385338698,mecca,religiousSite,مسجد التوحيد,مسجد التوحيد,,21.357471,39.789008,https://www.openstreetmap.org/way/1385338698,2026-10-08T20:21:06Z,,,needs_human_review
2,OSM-WAY-1385338700,mecca,religiousSite,جامع الإيمان,جامع الإيمان,,21.370224,39.789278,https://www.openstreetmap.org/way/1385338700,2026-10-08T20:21:06Z,,,needs_human_review
2,OSM-WAY-1385338701,mecca,religiousSite,جامع الإمام البخاري,جامع الإمام البخاري,,21.374411,39.792954,https://www.openstreetmap.org/way/1385338701,2026-10-08T20:21:06Z,,,needs_human_review
2,OSM-WAY-1536125026,mecca,religiousSite,Masjid Al-Fouad,مسجد الفؤاد,,21.456904,39.869625,https://www.openstreetmap.org/way/1536125026,2026-10-08T20:21:06Z,,,needs_human_review
2,OSM-WAY-1537151947,mecca,religiousSite,Masjid Taubah,Masjid Taubah,,21.465585,39.801874,https://www.openstreetmap.org/way/1537151947,2026-10-08T20:21:06Z,,,needs_human_review
2,OSM-WAY-187609780,mecca,religiousSite,Masjid al-Amir Mutaib,مسجد الامير متعب,,21.434685,39.817545,https://www.openstreetmap.org/way/187609780,2026-10-08T20:21:06Z,,,needs_human_review
2,OSM-WAY-187609823,mecca,religiousSite,Masjid Jaber Al Asmari,مسجد جابر الاسمري,,21.430881,39.836613,https://www.openstreetmap.org/way/187609823,2026-10-08T20:21:06Z,,,needs_human_review
2,OSM-WAY-187620381,mecca,religiousSite,Masjid Malik Abdul Aziz,مسجد الملك عبدالعزيز,,21.440683,39.838588,https://www.openstreetmap.org/way/187620381,2026-10-08T20:21:06Z,,,needs_human_review
2,OSM-WAY-187620483,mecca,religiousSite,مسجد بركة الشامي,مسجد بركة الشامي,,21.431562,39.82918,https://www.openstreetmap.org/way/187620483,2026-10-08T20:21:06Z,,,needs_human_review
2,OSM-WAY-238299737,mecca,religiousSite,Dar Albasha'er,مسجد دار البشائر,,21.348364,39.84189,https://www.openstreetmap.org/way/238299737,2026-10-08T20:21:06Z,,,needs_human_review
2,OSM-WAY-238306054,mecca,religiousSite,Mosque,,,21.327809,39.953628,https://www.openstreetmap.org/way/238306054,2026-10-08T20:21:06Z,,,needs_human_review
2,OSM-WAY-265021624,mecca,religiousSite,Masjid Ahmad Nasir,Masjid Ahmad Nasir,,21.399561,39.78124,https://www.openstreetmap.org/way/265021624,2026-10-08T20:21:06Z,,,needs_human_review
2,OSM-WAY-265092200,mecca,religiousSite,Masjid Modi Al-Khalaf,مسجد موضي الخلف,,21.405052,39.774087,https://www.openstreetmap.org/way/265092200,2026-10-08T20:21:06Z,,,needs_human_review
2,OSM-WAY-345674580,mecca,religiousSite,Masjid,,,21.370759,39.80474,https://www.openstreetmap.org/way/345674580,2026-10-08T20:21:06Z,,,needs_human_review
2,OSM-WAY-369224182,mecca,religiousSite,Tahir Jamil Baghdadi Mosque,Tahir Jamil Baghdadi Mosque,,21.415063,39.830437,https://www.openstreetmap.org/way/369224182,2026-10-08T20:21:06Z,,,needs_human_review
2,OSM-WAY-372402102,mecca,religiousSite,Al Khayf Mosque,الخيف,,21.414959,39.878139,https://www.openstreetmap.org/way/372402102,2026-10-08T20:21:06Z,,,needs_human_review
2,OSM-WAY-374655713,mecca,religiousSite,Ash Sheikh ya'kub Abdulqadir Bukhari Mosque,Ash Sheikh ya'kub Abdulqadir Bukhari Mosque,,21.409332,39.819173,https://www.openstreetmap.org/way/374655713,2026-10-08T20:21:06Z,,,needs_human_review
2,OSM-WAY-375395469,mecca,religiousSite,Masjid Al Nafea,مسجد النافع,,21.412156,39.828131,https://www.openstreetmap.org/way/375395469,2026-10-08T20:21:06Z,,,needs_human_review
2,OSM-WAY-375400294,mecca,religiousSite,Masjid Baghdadi,Masjid Baghdadi,,21.415355,39.804072,https://www.openstreetmap.org/way/375400294,2026-10-08T20:21:06Z,,,needs_human_review
2,OSM-WAY-375400297,mecca,religiousSite,مسجد سليمان خياط,مسجد سليمان خياط,,21.407609,39.809278,https://www.openstreetmap.org/way/375400297,2026-10-08T20:21:06Z,,,needs_human_review
2,OSM-WAY-404868512,mecca,religiousSite,مسجد الرحمة,مسجد الرحمة,,21.427976,39.787729,https://www.openstreetmap.org/way/404868512,2026-10-08T20:21:06Z,,,needs_human_review
2,OSM-WAY-405788828,mecca,religiousSite,Masjid Um Al Khayr,مسجد أم الخير,,21.377974,39.79036,https://www.openstreetmap.org/way/405788828,2026-10-08T20:21:06Z,,,needs_human_review
2,OSM-WAY-407304472,mecca,religiousSite,مسجد الصواط,مسجد الصواط,,21.465799,39.968107,https://www.openstreetmap.org/way/407304472,2026-10-08T20:21:06Z,,,needs_human_review
2,OSM-WAY-431538345,mecca,religiousSite,Sheikh Ibn Baz,الشيخ ابن باز,,21.423346,39.856044,https://www.openstreetmap.org/way/431538345,2026-10-08T20:21:06Z,,,needs_human_review
2,OSM-WAY-431602173,mecca,religiousSite,Masjid Al Harthy,مسجد الحارثي,,21.459042,39.810292,https://www.openstreetmap.org/way/431602173,2026-10-08T20:21:06Z,,,needs_human_review
2,OSM-WAY-431611519,mecca,religiousSite,Om El-Moumneen El-Sayeda Aisha Mosque,مسجد أم المؤمنين السيدة عائشة,,21.46775,39.801278,https://www.openstreetmap.org/way/431611519,2026-10-08T20:21:06Z,,,needs_human_review
2,OSM-WAY-431611533,mecca,religiousSite,Masjid As-Salam,مسجد السلام,,21.431298,39.77967,https://www.openstreetmap.org/way/431611533,2026-10-08T20:21:06Z,,,needs_human_review
2,OSM-WAY-431615797,mecca,religiousSite,Masjid Kuddi,مسجد كدي,,21.391889,39.825174,https://www.openstreetmap.org/way/431615797,2026-10-08T20:21:06Z,,,needs_human_review
2,OSM-WAY-431615818,mecca,religiousSite,Masjid Al Sanusi,مسجد السنوسي,,21.383423,39.870301,https://www.openstreetmap.org/way/431615818,2026-10-08T20:21:06Z,,,needs_human_review
2,OSM-WAY-431615822,mecca,religiousSite,مسجد الحارثي,مسجد الحارثي,,21.393978,39.872515,https://www.openstreetmap.org/way/431615822,2026-10-08T20:21:06Z,,,needs_human_review
2,OSM-WAY-431665865,mecca,religiousSite,Masjid Al Kuwait,مسجد الكويتي,,21.447721,39.821086,https://www.openstreetmap.org/way/431665865,2026-10-08T20:21:06Z,,,needs_human_review
2,OSM-WAY-431671374,mecca,religiousSite,Masjid Ibrahim Al Rubaiaan,مسجد إبراهيم الربيعان,,21.400986,39.799111,https://www.openstreetmap.org/way/431671374,2026-10-08T20:21:06Z,,,needs_human_review
2,OSM-WAY-431671377,mecca,religiousSite,Masjid As Shareef Al Zayed,مسجد الشريف آل زيد,,21.379376,39.783676,https://www.openstreetmap.org/way/431671377,2026-10-08T20:21:06Z,,,needs_human_review
2,OSM-WAY-432065091,mecca,religiousSite,Masjid Hamada Khouj,جامع حمادة خوج,,21.442012,39.795952,https://www.openstreetmap.org/way/432065091,2026-10-08T20:21:06Z,,,needs_human_review
2,OSM-WAY-432065092,mecca,religiousSite,Masjid Al Kuwaiti,مسجد الكويتي,,21.444133,39.798746,https://www.openstreetmap.org/way/432065092,2026-10-08T20:21:06Z,,,needs_human_review
2,OSM-WAY-432065101,mecca,religiousSite,Masjid Aal Dhafir,Masjid Aal Dhafir,,21.473291,39.83191,https://www.openstreetmap.org/way/432065101,2026-10-08T20:21:06Z,,,needs_human_review
2,OSM-WAY-432065104,mecca,religiousSite,Masjid Sheikh Ali,Masjid Sheikh Ali,,21.446474,39.851018,https://www.openstreetmap.org/way/432065104,2026-10-08T20:21:06Z,,,needs_human_review
2,OSM-WAY-432065106,mecca,religiousSite,Masjid Jabal an-Noor,مسجد جبل النور,,21.447111,39.857542,https://www.openstreetmap.org/way/432065106,2026-10-08T20:21:06Z,,,needs_human_review
2,OSM-WAY-432065110,mecca,religiousSite,Masjid Al Malik Abdul Aziz مسجد الملك عبدالعزيز,Masjid Al Malik Abdul Aziz مسجد الملك عبدالعزيز,,21.44307,39.855342,https://www.openstreetmap.org/way/432065110,2026-10-08T20:21:06Z,,,needs_human_review
2,OSM-WAY-440922995,mecca,religiousSite,Cemerat Köprüsü,جسر الجمرات,,21.420957,39.872679,https://www.openstreetmap.org/way/440922995,2026-10-08T20:21:06Z,,,needs_human_review
2,OSM-WAY-443792238,mecca,religiousSite,Masjid al Jinn,مسجد الجن,,21.433405,39.828934,https://www.openstreetmap.org/way/443792238,2026-10-08T20:21:06Z,,,needs_human_review
2,OSM-WAY-443792239,mecca,religiousSite,Masjid Hamoud Al Ruwais,مسجد حمود الرويس,,21.441631,39.834899,https://www.openstreetmap.org/way/443792239,2026-10-08T20:21:06Z,,,needs_human_review
2,OSM-WAY-446941270,mecca,religiousSite,Bay'ah Mosque,مسجد البيعة,,21.424731,39.86746,https://www.openstreetmap.org/way/446941270,2026-10-08T20:21:06Z,,,needs_human_review
2,OSM-WAY-457078195,mecca,religiousSite,Masjid Rahmaniyah,مسجد الرحمانية,,21.40915,39.831291,https://www.openstreetmap.org/way/457078195,2026-10-08T20:21:06Z,,,needs_human_review
2,OSM-WAY-457085028,mecca,religiousSite,Masjid Miir Alim,مسجد مير عالم,,21.423187,39.83353,https://www.openstreetmap.org/way/457085028,2026-10-08T20:21:06Z,,,needs_human_review
2,OSM-WAY-457085510,mecca,religiousSite,Masjid Al Qatari,مسجد القطري,,21.435314,39.838852,https://www.openstreetmap.org/way/457085510,2026-10-08T20:21:06Z,,,needs_human_review
2,OSM-WAY-457086717,mecca,religiousSite,Masjid Bin Oubaid,مسجد بن عبيد,,21.436188,39.838601,https://www.openstreetmap.org/way/457086717,2026-10-08T20:21:06Z,,,needs_human_review
2,OSM-WAY-457087171,mecca,religiousSite,Masjid Masmoom,مسجد المصموم,,21.437639,39.842101,https://www.openstreetmap.org/way/457087171,2026-10-08T20:21:06Z,,,needs_human_review
2,OSM-WAY-457087564,mecca,religiousSite,Masjid Zaidi,Masjid Zaidi,,21.438778,39.842537,https://www.openstreetmap.org/way/457087564,2026-10-08T20:21:06Z,,,needs_human_review
2,OSM-WAY-457087891,mecca,religiousSite,مسجد الإجابة,مسجد الإجابة,,21.442102,39.838222,https://www.openstreetmap.org/way/457087891,2026-10-08T20:21:06Z,,,needs_human_review
2,OSM-WAY-457088117,mecca,religiousSite,Masjid Al Moabdah,مسجد المعابدة,,21.441312,39.842219,https://www.openstreetmap.org/way/457088117,2026-10-08T20:21:06Z,,,needs_human_review
2,OSM-WAY-457088373,mecca,religiousSite,Masjid Al Kaeki,مسجد الكعكي,,21.440476,39.843995,https://www.openstreetmap.org/way/457088373,2026-10-08T20:21:06Z,,,needs_human_review
2,OSM-WAY-457088588,mecca,religiousSite,Masjid Al Sanusi,مسجد السنوسي,,21.441457,39.846119,https://www.openstreetmap.org/way/457088588,2026-10-08T20:21:06Z,,,needs_human_review
2,OSM-WAY-457088849,mecca,religiousSite,Al-Kuwaiti,الكويتي,,21.440077,39.847221,https://www.openstreetmap.org/way/457088849,2026-10-08T20:21:06Z,,,needs_human_review
2,OSM-WAY-457088918,mecca,religiousSite,Masjid Saad Al Judi,مسجد سعد الجودي,,21.4439,39.846662,https://www.openstreetmap.org/way/457088918,2026-10-08T20:21:06Z,,,needs_human_review
2,OSM-WAY-457088990,mecca,religiousSite,Masjid Abdullah Al Omari,مسجد عبدالله العمري,,21.445503,39.848067,https://www.openstreetmap.org/way/457088990,2026-10-08T20:21:06Z,,,needs_human_review
2,OSM-WAY-457089483,mecca,religiousSite,Masjid Al Tawheed,مسجد التوحيد,,21.451431,39.842663,https://www.openstreetmap.org/way/457089483,2026-10-08T20:21:06Z,,,needs_human_review
2,OSM-WAY-457090135,mecca,religiousSite,Masjid Al Jandrawi,مسجد الجندراوي,,21.431974,39.828453,https://www.openstreetmap.org/way/457090135,2026-10-08T20:21:06Z,,,needs_human_review
2,OSM-WAY-457093141,mecca,religiousSite,Masjid Hamdan al-Mfarah,مسجد حمدان المفرح,,21.43619,39.818016,https://www.openstreetmap.org/way/457093141,2026-10-08T20:21:06Z,,,needs_human_review
2,OSM-WAY-457093304,mecca,religiousSite,Masjid Al Ayouni,مسجد العيوني,,21.436651,39.819756,https://www.openstreetmap.org/way/457093304,2026-10-08T20:21:06Z,,,needs_human_review
2,OSM-WAY-457093549,mecca,religiousSite,Masjid Abdullah bin Masood,مسجد عبدالله بن مسعود,,21.435708,39.820503,https://www.openstreetmap.org/way/457093549,2026-10-08T20:21:06Z,,,needs_human_review
2,OSM-WAY-457093593,mecca,religiousSite,Masjid Sulaiman Al Rajhi,مسجد سليمان الراجحي,,21.434261,39.819801,https://www.openstreetmap.org/way/457093593,2026-10-08T20:21:06Z,,,needs_human_review
2,OSM-WAY-457093898,mecca,religiousSite,Masjid Al Wzeer,مسجد الوزير,,21.429119,39.815374,https://www.openstreetmap.org/way/457093898,2026-10-08T20:21:06Z,,,needs_human_review
2,OSM-WAY-457094130,mecca,religiousSite,Masjid Bin Hassan,مسجد بن حسن,,21.427168,39.806544,https://www.openstreetmap.org/way/457094130,2026-10-08T20:21:06Z,,,needs_human_review
2,OSM-WAY-457094370,mecca,religiousSite,Masjid Ashour Bukhari,مسجد عاشور بخاري,,21.425441,39.8084,https://www.openstreetmap.org/way/457094370,2026-10-08T20:21:06Z,,,needs_human_review
2,OSM-WAY-457094584,mecca,religiousSite,Masjid Al Tobaishi,مسجد الطبيشي,,21.425291,39.811469,https://www.openstreetmap.org/way/457094584,2026-10-08T20:21:06Z,,,needs_human_review
2,OSM-WAY-457095253,mecca,religiousSite,مسجد الإحسان والنجاح,مسجد الإحسان والنجاح,,21.407163,39.818828,https://www.openstreetmap.org/way/457095253,2026-10-08T20:21:06Z,,,needs_human_review
2,OSM-WAY-457095570,mecca,religiousSite,Masjid Al Norin,مسجد النورين,,21.401497,39.816676,https://www.openstreetmap.org/way/457095570,2026-10-08T20:21:06Z,,,needs_human_review
2,OSM-WAY-457318293,mecca,religiousSite,Al-Mash'ar al-Haram Mosque,مسجد المشعر الحرام,,21.386301,39.912425,https://www.openstreetmap.org/way/457318293,2026-10-08T20:21:06Z,,,needs_human_review
2,OSM-WAY-457428642,mecca,religiousSite,Masjid Al Omirah,مسجد الأميرة,,21.417836,39.805446,https://www.openstreetmap.org/way/457428642,2026-10-08T20:21:06Z,,,needs_human_review
2,OSM-WAY-457429325,mecca,religiousSite,Mosque Makkah City Centre,مسجد مركز مدينة مكة,,21.417374,39.80728,https://www.openstreetmap.org/way/457429325,2026-10-08T20:21:06Z,,,needs_human_review
2,OSM-WAY-457432349,mecca,religiousSite,Masjid Mohammed Abdoun,جامع محمد عبدون,,21.416537,39.802557,https://www.openstreetmap.org/way/457432349,2026-10-08T20:21:06Z,,,needs_human_review
2,OSM-WAY-457432543,mecca,religiousSite,Masjid Rqih مسجد رقية,Masjid Rqih مسجد رقية,,21.406106,39.801873,https://www.openstreetmap.org/way/457432543,2026-10-08T20:21:06Z,,,needs_human_review
2,OSM-WAY-457432984,mecca,religiousSite,Masjid Fatima Mustafa Al Aidaroos,مسجد فاطمة مصطفى العيدروس,,21.405022,39.803087,https://www.openstreetmap.org/way/457432984,2026-10-08T20:21:06Z,,,needs_human_review
2,OSM-WAY-457433433,mecca,religiousSite,Masjid Al Ihsan,مسجد الإحسان,,21.40208,39.803158,https://www.openstreetmap.org/way/457433433,2026-10-08T20:21:06Z,,,needs_human_review
2,OSM-WAY-457434227,mecca,religiousSite,Masjid Al Firdaous,Masjid Al Firdaous,,21.403074,39.798595,https://www.openstreetmap.org/way/457434227,2026-10-08T20:21:06Z,,,needs_human_review
2,OSM-WAY-457439981,mecca,religiousSite,Masjid Al Emira Sheikha,مسجد الأميرة شيخة,,21.402974,39.795037,https://www.openstreetmap.org/way/457439981,2026-10-08T20:21:06Z,,,needs_human_review
2,OSM-WAY-457444867,mecca,religiousSite,Masjid Sharif Nayef bin Fahd,مسجد الشريف نايف بن فهد,,21.406205,39.793598,https://www.openstreetmap.org/way/457444867,2026-10-08T20:21:06Z,,,needs_human_review
2,OSM-WAY-457448915,mecca,religiousSite,Assajida Amna Abdul Al Karim,مسجد السيدة أمنة عبدالكريم,,21.409916,39.772477,https://www.openstreetmap.org/way/457448915,2026-10-08T20:21:06Z,,,needs_human_review
2,OSM-WAY-457452375,mecca,religiousSite,Al-Tawheed Mosque,مسجد التوحيد,,21.412912,39.77707,https://www.openstreetmap.org/way/457452375,2026-10-08T20:21:06Z,,,needs_human_review
2,OSM-WAY-457508075,mecca,religiousSite,Masjid Abdul Rahman Kooshk,مسجد عبد الرحمن كوشك,,21.437736,39.807956,https://www.openstreetmap.org/way/457508075,2026-10-08T20:21:06Z,,,needs_human_review
2,OSM-WAY-457508718,mecca,religiousSite,Masjid Al Hawasm,مسجد الحوازم,,21.43743,39.806489,https://www.openstreetmap.org/way/457508718,2026-10-08T20:21:06Z,,,needs_human_review
2,OSM-WAY-457509121,mecca,religiousSite,Masjid Ali Jamil,مسجد علي جميل,,21.433887,39.806716,https://www.openstreetmap.org/way/457509121,2026-10-08T20:21:06Z,,,needs_human_review
2,OSM-WAY-457509792,mecca,religiousSite,Masjid Al Malik Balzahr,مسجد الملك بالزاهر,,21.440602,39.81112,https://www.openstreetmap.org/way/457509792,2026-10-08T20:21:06Z,,,needs_human_review
2,OSM-WAY-457510070,mecca,religiousSite,Masjid Barthman,مسجد باعثمان,,21.435337,39.812391,https://www.openstreetmap.org/way/457510070,2026-10-08T20:21:06Z,,,needs_human_review
2,OSM-WAY-457510422,mecca,religiousSite,مسجد باعارمة,مسجد باعارمة,,21.439876,39.815616,https://www.openstreetmap.org/way/457510422,2026-10-08T20:21:06Z,,,needs_human_review
2,OSM-WAY-457510568,mecca,religiousSite,Masjid Al Rayyan,مسجد الريان,,21.442538,39.81192,https://www.openstreetmap.org/way/457510568,2026-10-08T20:21:06Z,,,needs_human_review
2,OSM-WAY-457510850,mecca,religiousSite,Masjid Hassan Al Anzi,مسجد حسن العنزي,,21.444399,39.815036,https://www.openstreetmap.org/way/457510850,2026-10-08T20:21:06Z,,,needs_human_review
2,OSM-WAY-457511156,mecca,religiousSite,Masjid Omar Abdul Jabbar,مسجد عمر عبدالجبار,,21.445344,39.811946,https://www.openstreetmap.org/way/457511156,2026-10-08T20:21:06Z,,,needs_human_review
2,OSM-WAY-457511428,mecca,religiousSite,Masjid Al Aidaroos,مسجد العيدروس,,21.443112,39.802718,https://www.openstreetmap.org/way/457511428,2026-10-08T20:21:06Z,,,needs_human_review
2,OSM-WAY-457511595,mecca,religiousSite,Masjid Badr,مسجد بدر,,21.445314,39.803683,https://www.openstreetmap.org/way/457511595,2026-10-08T20:21:06Z,,,needs_human_review
2,OSM-WAY-457513151,mecca,religiousSite,Masjid Badariq,مسجد بادريق,,21.446858,39.802809,https://www.openstreetmap.org/way/457513151,2026-10-08T20:21:06Z,,,needs_human_review
2,OSM-WAY-457515460,mecca,religiousSite,Masjid Al Quds,مسجد القدس,,21.446501,39.800545,https://www.openstreetmap.org/way/457515460,2026-10-08T20:21:06Z,,,needs_human_review
2,OSM-WAY-457523985,mecca,religiousSite,Masjid Arrahma,مسجد الرحمة,,21.448445,39.804624,https://www.openstreetmap.org/way/457523985,2026-10-08T20:21:06Z,,,needs_human_review
2,OSM-WAY-457537790,mecca,religiousSite,Masjid Hamda al-Thani,مسجد,,21.453073,39.810734,https://www.openstreetmap.org/way/457537790,2026-10-08T20:21:06Z,,,needs_human_review
2,OSM-WAY-457659591,mecca,religiousSite,Masjid Al Qattan,مسجد عبدالحميد قطان,,21.424666,39.857222,https://www.openstreetmap.org/way/457659591,2026-10-08T20:21:06Z,,,needs_human_review
2,OSM-WAY-457660013,mecca,religiousSite,Al Qatari,القطري,,21.419028,39.855041,https://www.openstreetmap.org/way/457660013,2026-10-08T20:21:06Z,,,needs_human_review
2,OSM-WAY-457753694,mecca,religiousSite,Masjid Al Habashi,مسجد الحبشي,,21.439796,39.836048,https://www.openstreetmap.org/way/457753694,2026-10-08T20:21:06Z,,,needs_human_review
2,OSM-WAY-457754502,mecca,religiousSite,Al Sanusi,السنوسي,,21.442214,39.847117,https://www.openstreetmap.org/way/457754502,2026-10-08T20:21:06Z,,,needs_human_review
2,OSM-WAY-457754858,mecca,religiousSite,Masjid Al Tobh,Masjid Al Tobh,,21.435594,39.855002,https://www.openstreetmap.org/way/457754858,2026-10-08T20:21:06Z,,,needs_human_review
2,OSM-WAY-457755154,mecca,religiousSite,Masjid مسجد التنعيم,Masjid مسجد التنعيم,,21.435244,39.858287,https://www.openstreetmap.org/way/457755154,2026-10-08T20:21:06Z,,,needs_human_review
2,OSM-WAY-457755329,mecca,religiousSite,Al Sheikh Amin Jad,الشيخ أمين جاد,,21.430947,39.859731,https://www.openstreetmap.org/way/457755329,2026-10-08T20:21:06Z,,,needs_human_review
2,OSM-WAY-457755525,mecca,religiousSite,Masjid Al Karam,Masjid Al Karam,,21.418522,39.865988,https://www.openstreetmap.org/way/457755525,2026-10-08T20:21:06Z,,,needs_human_review
2,OSM-WAY-457755823,mecca,religiousSite,Suleyman al Manie,سليمان المنيعي,,21.416332,39.867783,https://www.openstreetmap.org/way/457755823,2026-10-08T20:21:06Z,,,needs_human_review
2,OSM-WAY-457756549,mecca,religiousSite,Abdul Qader Faqih,مسجد عبد القادر فقيه,,21.413128,39.863723,https://www.openstreetmap.org/way/457756549,2026-10-08T20:21:06Z,,,needs_human_review
2,OSM-WAY-457756765,mecca,religiousSite,Abdul Al Karim Al Hind,مسجد عبد الكريم الهندي,,21.415747,39.862264,https://www.openstreetmap.org/way/457756765,2026-10-08T20:21:06Z,,,needs_human_review
2,OSM-WAY-457761439,mecca,religiousSite,مسجد الأميرة نوف,مسجد الأميرة نوف,,21.399138,39.865237,https://www.openstreetmap.org/way/457761439,2026-10-08T20:21:06Z,,,needs_human_review
2,OSM-WAY-457761936,mecca,religiousSite,Al Thani Azizia,ال ثاني العزيزية,,21.400249,39.862896,https://www.openstreetmap.org/way/457761936,2026-10-08T20:21:06Z,,,needs_human_review
2,OSM-WAY-457762026,mecca,religiousSite,Masjd Kaab Ibn Malik,Masjd Kaab Ibn Malik,,21.402731,39.863898,https://www.openstreetmap.org/way/457762026,2026-10-08T20:21:06Z,,,needs_human_review
2,OSM-WAY-457762343,mecca,religiousSite,Al Zaman,الزمان,,21.403199,39.869576,https://www.openstreetmap.org/way/457762343,2026-10-08T20:21:06Z,,,needs_human_review
2,OSM-WAY-457763571,mecca,religiousSite,Ibn Obaid,ابن عبيد,,21.428818,39.853027,https://www.openstreetmap.org/way/457763571,2026-10-08T20:21:06Z,,,needs_human_review
2,OSM-WAY-457764153,mecca,religiousSite,Masjid Al Sheikh Mahboub Al Qurashi,مسجد الشيخ محبوب القرشي,,21.443122,39.86657,https://www.openstreetmap.org/way/457764153,2026-10-08T20:21:06Z,,,needs_human_review
2,OSM-WAY-457764213,mecca,religiousSite,Masjid Hassan Mufti,مسجد حسن مفتي,,21.447209,39.869202,https://www.openstreetmap.org/way/457764213,2026-10-08T20:21:06Z,,,needs_human_review
2,OSM-WAY-457764503,mecca,religiousSite,Al Dbesi Mosque,مسجد الدبيسي,,21.457118,39.888518,https://www.openstreetmap.org/way/457764503,2026-10-08T20:21:06Z,,,needs_human_review
2,OSM-WAY-458349011,mecca,religiousSite,Makkah Gate,Makkah Gate,,21.362254,39.666803,https://www.openstreetmap.org/way/458349011,2026-10-08T20:21:06Z,,,needs_human_review
2,OSM-WAY-458583992,mecca,religiousSite,جامع الأمين,جامع الأمين,,21.345708,39.836147,https://www.openstreetmap.org/way/458583992,2026-10-08T20:21:06Z,,,needs_human_review
2,OSM-WAY-459853838,mecca,religiousSite,Masjid Mahata Al Qetaar,مسجد محطة القطار,,21.416753,39.788109,https://www.openstreetmap.org/way/459853838,2026-10-08T20:21:06Z,,,needs_human_review
2,OSM-WAY-459855739,mecca,religiousSite,Masjid Al Amira Hassa Al-Sudairy,مسجد الأميرة حصة السديري,,21.413484,39.790974,https://www.openstreetmap.org/way/459855739,2026-10-08T20:21:06Z,,,needs_human_review
2,OSM-WAY-460627300,mecca,religiousSite,Masjid Asma Bint Umays,مسجد أسماء بنت عميس,,21.384135,39.798334,https://www.openstreetmap.org/way/460627300,2026-10-08T20:21:06Z,,,needs_human_review
2,OSM-WAY-460627772,mecca,religiousSite,Masjid Al Ansar,مسجد الأنصار,,21.385084,39.792448,https://www.openstreetmap.org/way/460627772,2026-10-08T20:21:06Z,,,needs_human_review
2,OSM-WAY-460627795,mecca,religiousSite,Masjid Al Taki,مسجد التقى,,21.381788,39.791739,https://www.openstreetmap.org/way/460627795,2026-10-08T20:21:06Z,,,needs_human_review
2,OSM-WAY-460628363,mecca,religiousSite,Masjid An Noor Shawqiyyah,Masjid An Noor Shawqiyyah,,21.381803,39.788696,https://www.openstreetmap.org/way/460628363,2026-10-08T20:21:06Z,,,needs_human_review
2,OSM-WAY-460629280,mecca,religiousSite,Masjid Ar Rida,مسجد الرضا,,21.377724,39.79376,https://www.openstreetmap.org/way/460629280,2026-10-08T20:21:06Z,,,needs_human_review
2,OSM-WAY-460629411,mecca,religiousSite,مسجد باسلوم,مسجد باسلوم,,21.37883,39.785972,https://www.openstreetmap.org/way/460629411,2026-10-08T20:21:06Z,,,needs_human_review
2,OSM-WAY-460630126,mecca,religiousSite,مسجد أم المؤمنين السيدة خديجة,مسجد أم المؤمنين السيدة خديجة,,21.3774,39.796614,https://www.openstreetmap.org/way/460630126,2026-10-08T20:21:06Z,,,needs_human_review
2,OSM-WAY-460728593,mecca,religiousSite,Masjid Nasir Al Ghamdi,مسجد ناصر الغامدي,,21.412526,39.782864,https://www.openstreetmap.org/way/460728593,2026-10-08T20:21:06Z,,,needs_human_review
2,OSM-WAY-460728705,mecca,religiousSite,مسجد بر الوالدين,مسجد بر الوالدين,,21.412881,39.789408,https://www.openstreetmap.org/way/460728705,2026-10-08T20:21:06Z,,,needs_human_review
2,OSM-WAY-460728996,mecca,religiousSite,Masjid Al Huda,مسجد الهدى,,21.405941,39.785946,https://www.openstreetmap.org/way/460728996,2026-10-08T20:21:06Z,,,needs_human_review
2,OSM-WAY-460731488,mecca,religiousSite,مسجد المهاجرين,مسجد المهاجرين,,21.391426,39.789623,https://www.openstreetmap.org/way/460731488,2026-10-08T20:21:06Z,,,needs_human_review
2,OSM-WAY-460731758,mecca,religiousSite,مسجد أبي بن كعب,مسجد أبي بن كعب,,21.392379,39.787075,https://www.openstreetmap.org/way/460731758,2026-10-08T20:21:06Z,,,needs_human_review
2,OSM-WAY-460731934,mecca,religiousSite,Masjid Fatma As-Zahra,مسجد فاطمة الزهراء,,21.385397,39.78933,https://www.openstreetmap.org/way/460731934,2026-10-08T20:21:06Z,,,needs_human_review
2,OSM-WAY-460732200,mecca,religiousSite,Masjid As-Shuaibi Munira,مسجد منيرة الشعيبي,,21.387949,39.798297,https://www.openstreetmap.org/way/460732200,2026-10-08T20:21:06Z,,,needs_human_review
2,OSM-WAY-460797804,mecca,religiousSite,Masjid Saud Al-Rehaily,مسجد سعود الرحيلي,,21.373178,39.784023,https://www.openstreetmap.org/way/460797804,2026-10-08T20:21:06Z,,,needs_human_review
2,OSM-WAY-460798505,mecca,religiousSite,Masjid Shafay,Masjid Shafay,,21.367959,39.779873,https://www.openstreetmap.org/way/460798505,2026-10-08T20:21:06Z,,,needs_human_review
2,OSM-WAY-460798874,mecca,religiousSite,Masjid Fatima Al Zahra Al Mohammedia,مسجد فاطمة الزهراء المحمدية,,21.366402,39.786815,https://www.openstreetmap.org/way/460798874,2026-10-08T20:21:06Z,,,needs_human_review
2,OSM-WAY-460799198,mecca,religiousSite,Masjid Fatima Al Zahra Al Mohammedia,مسجد فاطمة الزهراء المحمدية,,21.365063,39.791243,https://www.openstreetmap.org/way/460799198,2026-10-08T20:21:06Z,,,needs_human_review
2,OSM-WAY-460800279,mecca,religiousSite,Masjid Al Bandari Al Ibrahim,مسجد البندري آل ابراهيم,,21.366619,39.781884,https://www.openstreetmap.org/way/460800279,2026-10-08T20:21:06Z,,,needs_human_review
2,OSM-WAY-460800801,mecca,religiousSite,Masjid Khuzaymah Ibn Thabit,مسجد خزيمة بن ثابت,,21.363224,39.786247,https://www.openstreetmap.org/way/460800801,2026-10-08T20:21:06Z,,,needs_human_review
2,OSM-WAY-460800952,mecca,religiousSite,Masjid Abdullah Ibn As Zubair,مسجد عبدالله إبن الزبير,,21.360776,39.788031,https://www.openstreetmap.org/way/460800952,2026-10-08T20:21:06Z,,,needs_human_review
2,OSM-WAY-460801175,mecca,religiousSite,مسجد السبيل,مسجد السبيل,,21.358377,39.784935,https://www.openstreetmap.org/way/460801175,2026-10-08T20:21:06Z,,,needs_human_review
2,OSM-WAY-460801406,mecca,religiousSite,Masjid An Nourin,مسجد ذي النورين,,21.359354,39.782281,https://www.openstreetmap.org/way/460801406,2026-10-08T20:21:06Z,,,needs_human_review
2,OSM-WAY-460802036,mecca,religiousSite,Masjid Saleh As-Sheikh,مسجد صالح ال الشيخ,,21.360584,39.780116,https://www.openstreetmap.org/way/460802036,2026-10-08T20:21:06Z,,,needs_human_review
2,OSM-WAY-460803998,mecca,religiousSite,Masjid Siyaad Chouhada,مسجد جامع سيد الشهداء,,21.357346,39.778222,https://www.openstreetmap.org/way/460803998,2026-10-08T20:21:06Z,,,needs_human_review
2,OSM-WAY-460804966,mecca,religiousSite,Masjid Abdellatif Al Issa,مسجد عبد اللطيف العيسى,,21.352014,39.779234,https://www.openstreetmap.org/way/460804966,2026-10-08T20:21:06Z,,,needs_human_review
2,OSM-WAY-460805297,mecca,religiousSite,Masjid Mu'adh Bin Jabal,مسجد معاذ بن جبل,,21.354349,39.78083,https://www.openstreetmap.org/way/460805297,2026-10-08T20:21:06Z,,,needs_human_review
2,OSM-WAY-460805405,mecca,religiousSite,Masjid Abu Bakr As Sideek,مسجد أبو بكر الصديق,,21.354018,39.786672,https://www.openstreetmap.org/way/460805405,2026-10-08T20:21:06Z,,,needs_human_review
2,OSM-WAY-460811526,mecca,religiousSite,Abdullah Al Menea Mosque,Abdullah Al Menea Mosque,,21.363257,39.806034,https://www.openstreetmap.org/way/460811526,2026-10-08T20:21:06Z,,,needs_human_review
2,OSM-WAY-460811967,mecca,religiousSite,Masjid At Taqwa,مسجد التقوى,,21.364507,39.807214,https://www.openstreetmap.org/way/460811967,2026-10-08T20:21:06Z,,,needs_human_review
2,OSM-WAY-460812396,mecca,religiousSite,Masjid Al Baladiya,مسجد البلدية,,21.367149,39.806777,https://www.openstreetmap.org/way/460812396,2026-10-08T20:21:06Z,,,needs_human_review
2,OSM-WAY-460813246,mecca,religiousSite,Masjid An Nour,مسجد النور,,21.383716,39.818373,https://www.openstreetmap.org/way/460813246,2026-10-08T20:21:06Z,,,needs_human_review
2,OSM-WAY-460813247,mecca,religiousSite,Masjid Al-Ghamdi,مسجد الغامدي,,21.379963,39.817027,https://www.openstreetmap.org/way/460813247,2026-10-08T20:21:06Z,,,needs_human_review
2,OSM-WAY-460813984,mecca,religiousSite,Masjid Muhammad As Subayl,Masjid Muhammad As Subayl,,21.387139,39.824627,https://www.openstreetmap.org/way/460813984,2026-10-08T20:21:06Z,,,needs_human_review
2,OSM-WAY-460814561,mecca,religiousSite,Masjid Hilal Matar Al Harbi,مسجد هلال ماطر الحربي,,21.393684,39.828715,https://www.openstreetmap.org/way/460814561,2026-10-08T20:21:06Z,,,needs_human_review
2,OSM-WAY-460815522,mecca,religiousSite,Masjid Abu Bakr As-Siddiq,مسجد أبي بكر الصديق,,21.386846,39.829491,https://www.openstreetmap.org/way/460815522,2026-10-08T20:21:06Z,,,needs_human_review
2,OSM-WAY-460822499,mecca,religiousSite,İstasyon Cami,مسجد المحطة,,21.384834,39.830583,https://www.openstreetmap.org/way/460822499,2026-10-08T20:21:06Z,,,needs_human_review
2,OSM-WAY-460822890,mecca,religiousSite,Masjid Al Maimani,مسجد الميمني,,21.383149,39.832897,https://www.openstreetmap.org/way/460822890,2026-10-08T20:21:06Z,,,needs_human_review
2,OSM-WAY-460823247,mecca,religiousSite,Masjid Al Jazzar,Masjid Al Jazzar,,21.387802,39.83157,https://www.openstreetmap.org/way/460823247,2026-10-08T20:21:06Z,,,needs_human_review
2,OSM-WAY-460824819,mecca,religiousSite,Masjid Hussein Arab,مسجد حسين عرب,,21.389164,39.83828,https://www.openstreetmap.org/way/460824819,2026-10-08T20:21:06Z,,,needs_human_review
2,OSM-WAY-460824861,mecca,religiousSite,Masjid Al Bukhari,مسجد البخاري,,21.388432,39.843822,https://www.openstreetmap.org/way/460824861,2026-10-08T20:21:06Z,,,needs_human_review
2,OSM-WAY-460825013,mecca,religiousSite,Masjid Sahida Mehrab,مسجد شهيد المحراب,,21.39009,39.846706,https://www.openstreetmap.org/way/460825013,2026-10-08T20:21:06Z,,,needs_human_review
2,OSM-WAY-460825752,mecca,religiousSite,Masjid Al Jaeid,مسجد الجعيد,,21.43253,39.843466,https://www.openstreetmap.org/way/460825752,2026-10-08T20:21:06Z,,,needs_human_review
2,OSM-WAY-460825969,mecca,religiousSite,مسجد ناصر السريع,مسجد ناصر السريع,,21.43173,39.84663,https://www.openstreetmap.org/way/460825969,2026-10-08T20:21:06Z,,,needs_human_review
2,OSM-WAY-460826074,mecca,religiousSite,Masjid Saif Bin Ghani,مسجد سيف بن غاني,,21.434709,39.841926,https://www.openstreetmap.org/way/460826074,2026-10-08T20:21:06Z,,,needs_human_review
2,OSM-WAY-460826315,mecca,religiousSite,Masjid As Sheikh Abdullah Bin Humaid,Masjid As Sheikh Abdullah Bin Humaid,,21.431358,39.857634,https://www.openstreetmap.org/way/460826315,2026-10-08T20:21:06Z,,,needs_human_review
2,OSM-WAY-460827764,mecca,religiousSite,Imam Al-Bukhari wa Muslim,الأمامين البخاري ومسلم,,21.429258,39.857193,https://www.openstreetmap.org/way/460827764,2026-10-08T20:21:06Z,,,needs_human_review
2,OSM-WAY-460828566,mecca,religiousSite,Masjid Mohammed Al Hakimi,مسجد محمد الحكيمي,,21.450514,39.872032,https://www.openstreetmap.org/way/460828566,2026-10-08T20:21:06Z,,,needs_human_review
2,OSM-WAY-460828657,mecca,religiousSite,Masjid Al Tayeb,مسجد الطيب,,21.451851,39.876011,https://www.openstreetmap.org/way/460828657,2026-10-08T20:21:06Z,,,needs_human_review
2,OSM-WAY-460828943,mecca,religiousSite,Alslimy,الصليمي,,21.438008,39.864138,https://www.openstreetmap.org/way/460828943,2026-10-08T20:21:06Z,,,needs_human_review
2,OSM-WAY-460829378,mecca,religiousSite,Masjid Abu Bakr As-Siddiq,مسجد أبو بكر الصديق,,21.419982,39.86279,https://www.openstreetmap.org/way/460829378,2026-10-08T20:21:06Z,,,needs_human_review
2,OSM-WAY-460829608,mecca,religiousSite,Al Rajhi,الراجحي,,21.415273,39.85836,https://www.openstreetmap.org/way/460829608,2026-10-08T20:21:06Z,,,needs_human_review
2,OSM-WAY-460830203,mecca,religiousSite,Omar Ibn Al-Khattab,عمر بن الخطاب,,21.400479,39.86752,https://www.openstreetmap.org/way/460830203,2026-10-08T20:21:06Z,,,needs_human_review
2,OSM-WAY-460831383,mecca,religiousSite,Masjid As Sheikh Abdullah Al Khulaifi,Masjid As Sheikh Abdullah Al Khulaifi,,21.402721,39.879442,https://www.openstreetmap.org/way/460831383,2026-10-08T20:21:06Z,,,needs_human_review
2,OSM-WAY-460832336,mecca,religiousSite,Ben Dehaish,بن دهيش,,21.398173,39.877185,https://www.openstreetmap.org/way/460832336,2026-10-08T20:21:06Z,,,needs_human_review
2,OSM-WAY-460832487,mecca,religiousSite,Masjid Ibn Amar,ابن عمار,,21.396675,39.876304,https://www.openstreetmap.org/way/460832487,2026-10-08T20:21:06Z,,,needs_human_review
2,OSM-WAY-460832537,mecca,religiousSite,Al Hariri,مسجد الحريري,,21.395135,39.86921,https://www.openstreetmap.org/way/460832537,2026-10-08T20:21:06Z,,,needs_human_review
2,OSM-WAY-460832665,mecca,religiousSite,Masjid Al Manirh,مسجد المنيره,,21.390433,39.875518,https://www.openstreetmap.org/way/460832665,2026-10-08T20:21:06Z,,,needs_human_review
2,OSM-WAY-460832803,mecca,religiousSite,Masjid Al Al Ibtesam,Masjid Al Al Ibtesam,,21.393812,39.875912,https://www.openstreetmap.org/way/460832803,2026-10-08T20:21:06Z,,,needs_human_review
2,OSM-WAY-460832860,mecca,religiousSite,Abdullah Bin Al Abbas,مسجد عبدالله بن العباس,,21.396288,39.877647,https://www.openstreetmap.org/way/460832860,2026-10-08T20:21:06Z,,,needs_human_review
2,OSM-WAY-460833006,mecca,religiousSite,Al-Harithi,مسجد الحارثي,,21.394325,39.880401,https://www.openstreetmap.org/way/460833006,2026-10-08T20:21:06Z,,,needs_human_review
2,OSM-WAY-460833254,mecca,religiousSite,Masjid Al Fath Bin Mahfouz,مسجد الفتح بن محفوظ,,21.387546,39.879691,https://www.openstreetmap.org/way/460833254,2026-10-08T20:21:06Z,,,needs_human_review
2,OSM-WAY-460833294,mecca,religiousSite,Masjid Saud Al Ozeinani,مسجد سعود الوذيناني,,21.386716,39.875257,https://www.openstreetmap.org/way/460833294,2026-10-08T20:21:06Z,,,needs_human_review
2,OSM-WAY-460833685,mecca,religiousSite,Yarmour,مسجد يغمور,,21.386523,39.87284,https://www.openstreetmap.org/way/460833685,2026-10-08T20:21:06Z,,,needs_human_review
2,OSM-WAY-460833698,mecca,religiousSite,Masjid Ahmad Bhatti,مسجد احمد باتي,,21.386238,39.871422,https://www.openstreetmap.org/way/460833698,2026-10-08T20:21:06Z,,,needs_human_review
2,OSM-WAY-460833743,mecca,religiousSite,Masjid Al Iman,مسجد الايمان,,21.387442,39.871095,https://www.openstreetmap.org/way/460833743,2026-10-08T20:21:06Z,,,needs_human_review
2,OSM-WAY-460833928,mecca,religiousSite,Masjid Ar Radwan,مسجد الرضوان,,21.388593,39.870164,https://www.openstreetmap.org/way/460833928,2026-10-08T20:21:06Z,,,needs_human_review
2,OSM-WAY-460834063,mecca,religiousSite,Masjid Hussein Siraj Arab,مسجد حسين سراج عرب,,21.390186,39.868542,https://www.openstreetmap.org/way/460834063,2026-10-08T20:21:06Z,,,needs_human_review
2,OSM-WAY-460834218,mecca,religiousSite,Omar Al Qurashi,عمر القرشي,,21.391609,39.86751,https://www.openstreetmap.org/way/460834218,2026-10-08T20:21:06Z,,,needs_human_review
2,OSM-WAY-460834482,mecca,religiousSite,Masjid Al Huda,مسجد الهدى,,21.386174,39.868184,https://www.openstreetmap.org/way/460834482,2026-10-08T20:21:06Z,,,needs_human_review
2,OSM-WAY-460834605,mecca,religiousSite,مسجد أبو غلية,مسجد أبو غلية,,21.38616,39.869492,https://www.openstreetmap.org/way/460834605,2026-10-08T20:21:06Z,,,needs_human_review
2,OSM-WAY-460979219,mecca,religiousSite,Masjid Bin Turky,Masjid Bin Turky,,21.438006,39.857695,https://www.openstreetmap.org/way/460979219,2026-10-08T20:21:06Z,,,needs_human_review
2,OSM-WAY-460979684,mecca,religiousSite,Ghilab Al Mshikhi,غالب المشيخي,,21.436893,39.859844,https://www.openstreetmap.org/way/460979684,2026-10-08T20:21:06Z,,,needs_human_review
2,OSM-WAY-460979828,mecca,religiousSite,Bin Saeed,بن سعيد,,21.438463,39.860582,https://www.openstreetmap.org/way/460979828,2026-10-08T20:21:06Z,,,needs_human_review
2,OSM-WAY-460980004,mecca,religiousSite,Bakhit Al Qathami,بخيت القيثامي,,21.439984,39.862799,https://www.openstreetmap.org/way/460980004,2026-10-08T20:21:06Z,,,needs_human_review
2,OSM-WAY-460980490,mecca,religiousSite,Masjid Fahad Al Judy,مسجد فهاد الجودي,,21.443324,39.864233,https://www.openstreetmap.org/way/460980490,2026-10-08T20:21:06Z,,,needs_human_review
2,OSM-WAY-460980873,mecca,religiousSite,Masjid Marzouk Al Hatershi,مسجد مرزوق الحتيرشي,,21.445146,39.867509,https://www.openstreetmap.org/way/460980873,2026-10-08T20:21:06Z,,,needs_human_review
2,OSM-WAY-460982906,mecca,religiousSite,Masjid As Sheikh Mohammed Abdul Rahman Al-Sadhan,مسجد الشيخ محمد عبد الرحمن السدحان,,21.448869,39.869365,https://www.openstreetmap.org/way/460982906,2026-10-08T20:21:06Z,,,needs_human_review
2,OSM-WAY-460983925,mecca,religiousSite,Masjid Al Ibrahim,مسجد آل إبراهيم,,21.450183,39.868075,https://www.openstreetmap.org/way/460983925,2026-10-08T20:21:06Z,,,needs_human_review
2,OSM-WAY-460984400,mecca,religiousSite,Masjid Al-Badiwi,مسجد البديوي,,21.452447,39.864776,https://www.openstreetmap.org/way/460984400,2026-10-08T20:21:06Z,,,needs_human_review
2,OSM-WAY-460984543,mecca,religiousSite,Masjid An Nour,مسجد النور,,21.453183,39.862536,https://www.openstreetmap.org/way/460984543,2026-10-08T20:21:06Z,,,needs_human_review
2,OSM-WAY-460984632,mecca,religiousSite,Masjid Ahmad Masoudi,مسجد أحمد مسعودي,,21.455185,39.861532,https://www.openstreetmap.org/way/460984632,2026-10-08T20:21:06Z,,,needs_human_review
2,OSM-WAY-460984915,mecca,religiousSite,مسجد الشيخ عوض الله المطرفي,مسجد الشيخ عوض الله المطرفي,,21.454058,39.860944,https://www.openstreetmap.org/way/460984915,2026-10-08T20:21:06Z,,,needs_human_review
2,OSM-WAY-460985026,mecca,religiousSite,Masjid Mohammed Bin Nayef Ar Ruwais,Masjid Mohammed Bin Nayef Ar Ruwais,,21.453584,39.858993,https://www.openstreetmap.org/way/460985026,2026-10-08T20:21:06Z,,,needs_human_review
2,OSM-WAY-460985126,mecca,religiousSite,Masjid Al Masmom,Masjid Al Masmom,,21.449174,39.856319,https://www.openstreetmap.org/way/460985126,2026-10-08T20:21:06Z,,,needs_human_review
2,OSM-WAY-460985294,mecca,religiousSite,Masjid Msaad Bin Hamoud Al Mautrofi,Masjid Msaad Bin Hamoud Al Mautrofi,,21.446182,39.853499,https://www.openstreetmap.org/way/460985294,2026-10-08T20:21:06Z,,,needs_human_review
2,OSM-WAY-460985359,mecca,religiousSite,Masjid Mohammed Shman,Masjid Mohammed Shman,,21.446261,39.852013,https://www.openstreetmap.org/way/460985359,2026-10-08T20:21:06Z,,,needs_human_review
2,OSM-WAY-460988364,mecca,religiousSite,Masjid Nayed Ar Rouqui,مسجد نايض الروقي,,21.450763,39.847615,https://www.openstreetmap.org/way/460988364,2026-10-08T20:21:06Z,,,needs_human_review
2,OSM-WAY-460988367,mecca,religiousSite,Masjid Al Huda,مسجد الهدى,,21.449013,39.848242,https://www.openstreetmap.org/way/460988367,2026-10-08T20:21:06Z,,,needs_human_review
2,OSM-WAY-460989769,mecca,religiousSite,Masjid Al Hanifa,مسجد الحنفاء,,21.448949,39.845979,https://www.openstreetmap.org/way/460989769,2026-10-08T20:21:06Z,,,needs_human_review
2,OSM-WAY-460990591,mecca,religiousSite,Masjid Hajr As Salmi,Masjid Hajr As Salmi,,21.453154,39.838833,https://www.openstreetmap.org/way/460990591,2026-10-08T20:21:06Z,,,needs_human_review
2,OSM-WAY-460990747,mecca,religiousSite,Masjid Al Thani,مسجد ال ثاني,,21.449204,39.838883,https://www.openstreetmap.org/way/460990747,2026-10-08T20:21:06Z,,,needs_human_review
2,OSM-WAY-460992774,mecca,religiousSite,Masjid Raniaan Bin Mohammed Al-Amiri مسجد غنيان بن محمد العميري,Masjid Raniaan Bin Mohammed Al-Amiri مسجد غنيان بن محمد العميري,,21.450595,39.839606,https://www.openstreetmap.org/way/460992774,2026-10-08T20:21:06Z,,,needs_human_review
2,OSM-WAY-460993081,mecca,religiousSite,Masjid Ahmed Bin Awad Al-Masoudi,مسجد احمد بن عواض المسعودي,,21.450552,39.838329,https://www.openstreetmap.org/way/460993081,2026-10-08T20:21:06Z,,,needs_human_review
2,OSM-WAY-461202175,mecca,religiousSite,Masjid Mohammed bin Abdullah As Sabeel,مسجد محمد بن عبدالله السبيل,,21.453942,39.848387,https://www.openstreetmap.org/way/461202175,2026-10-08T20:21:06Z,,,needs_human_review
2,OSM-WAY-461204799,mecca,religiousSite,Masjid Al Hamazani,مسجد الهمزاني,,21.459532,39.845045,https://www.openstreetmap.org/way/461204799,2026-10-08T20:21:06Z,,,needs_human_review
2,OSM-WAY-461205499,mecca,religiousSite,Masjid Al Amir Abdulrahman bin Saud,مسجد الأمير عبدالرحمن بن سعود,,21.462492,39.852784,https://www.openstreetmap.org/way/461205499,2026-10-08T20:21:06Z,,,needs_human_review
2,OSM-WAY-461205921,mecca,religiousSite,Masjid Al Awaji,مسجد العواجي,,21.461559,39.85688,https://www.openstreetmap.org/way/461205921,2026-10-08T20:21:06Z,,,needs_human_review
2,OSM-WAY-461210006,mecca,religiousSite,Masjid Al Maiman,مسجد الميمان,,21.462414,39.836019,https://www.openstreetmap.org/way/461210006,2026-10-08T20:21:06Z,,,needs_human_review
2,OSM-WAY-461210849,mecca,religiousSite,Masjid Al Sofiani,Masjid Al Sofiani,,21.474762,39.842487,https://www.openstreetmap.org/way/461210849,2026-10-08T20:21:06Z,,,needs_human_review
2,OSM-WAY-461211118,mecca,religiousSite,Masjid Al Faris,Masjid Al Faris,,21.476554,39.843018,https://www.openstreetmap.org/way/461211118,2026-10-08T20:21:06Z,,,needs_human_review
2,OSM-WAY-461214199,mecca,religiousSite,Masjid Assamaha,مسجد السماحة,,21.473728,39.821828,https://www.openstreetmap.org/way/461214199,2026-10-08T20:21:06Z,,,needs_human_review
2,OSM-WAY-461214272,mecca,religiousSite,Masjid Gharib Assa3di,مسجد غريب الصاعدي,,21.478337,39.820667,https://www.openstreetmap.org/way/461214272,2026-10-08T20:21:06Z,,,needs_human_review
2,OSM-WAY-461215505,mecca,religiousSite,Masjid Dayfu Allah Adaim,مسجد ضيف الله الدعيمي,,21.459082,39.815479,https://www.openstreetmap.org/way/461215505,2026-10-08T20:21:06Z,,,needs_human_review
2,OSM-WAY-461216270,mecca,religiousSite,Masjid Al mahatta,مسجد المحطة,,21.457778,39.815136,https://www.openstreetmap.org/way/461216270,2026-10-08T20:21:06Z,,,needs_human_review
2,OSM-WAY-461216271,mecca,religiousSite,Masjid Turki Assaed,مسجد تركي الصاعدي,,21.457204,39.815489,https://www.openstreetmap.org/way/461216271,2026-10-08T20:21:06Z,,,needs_human_review
2,OSM-WAY-461216806,mecca,religiousSite,Masjid Bakhit Assaedi,مسجد بخيت الصاعدي,,21.455784,39.812748,https://www.openstreetmap.org/way/461216806,2026-10-08T20:21:06Z,,,needs_human_review
2,OSM-WAY-461216918,mecca,religiousSite,Masjid Prison,Masjid Prison,,21.457581,39.810279,https://www.openstreetmap.org/way/461216918,2026-10-08T20:21:06Z,,,needs_human_review
2,OSM-WAY-461217718,mecca,religiousSite,Masjid Abnaa Jabir,مسجد أبناء جابر,,21.457407,39.806789,https://www.openstreetmap.org/way/461217718,2026-10-08T20:21:06Z,,,needs_human_review
2,OSM-WAY-461217900,mecca,religiousSite,Masjid Asaed ibn Zurarah,مسجد أسعد بن زرارة,,21.453527,39.806754,https://www.openstreetmap.org/way/461217900,2026-10-08T20:21:06Z,,,needs_human_review
2,OSM-WAY-461218303,mecca,religiousSite,Masjid Hassan Ali Albanani,مسجد حسن علي البناني,,21.452863,39.805495,https://www.openstreetmap.org/way/461218303,2026-10-08T20:21:06Z,,,needs_human_review
2,OSM-WAY-461218855,mecca,religiousSite,Masjid Srihab Al Lehyana,مسجد سريحاب اللحياني,,21.454697,39.805976,https://www.openstreetmap.org/way/461218855,2026-10-08T20:21:06Z,,,needs_human_review
2,OSM-WAY-461219211,mecca,religiousSite,مسجد منيع الحربي,مسجد منيع الحربي,,21.455448,39.803216,https://www.openstreetmap.org/way/461219211,2026-10-08T20:21:06Z,,,needs_human_review
2,OSM-WAY-461219681,mecca,religiousSite,Masjid Abdullah Hamid,مسجد عبدالله حامد,,21.448778,39.799594,https://www.openstreetmap.org/way/461219681,2026-10-08T20:21:06Z,,,needs_human_review
2,OSM-WAY-461220181,mecca,religiousSite,Masjid Salah Ahmed Al-Saeed,مسجد صلاح أحمد السعيد,,21.445551,39.799358,https://www.openstreetmap.org/way/461220181,2026-10-08T20:21:06Z,,,needs_human_review
2,OSM-WAY-461221174,mecca,religiousSite,مسجد بشيبش المحمادي,مسجد بشيبش المحمادي,,21.447415,39.799322,https://www.openstreetmap.org/way/461221174,2026-10-08T20:21:06Z,,,needs_human_review
2,OSM-WAY-461221397,mecca,religiousSite,Masjid Al Ghazzawi,مسجد الغزاوي,,21.442592,39.793871,https://www.openstreetmap.org/way/461221397,2026-10-08T20:21:06Z,,,needs_human_review
2,OSM-WAY-461398738,mecca,religiousSite,Masjid Mubarak,مسجد مبارك,,21.448437,39.823376,https://www.openstreetmap.org/way/461398738,2026-10-08T20:21:06Z,,,needs_human_review
2,OSM-WAY-461398819,mecca,religiousSite,Masjid Abdul Rahman Bin Muqran,مسجد عبدالرحمن بن مقرن,,21.44768,39.825178,https://www.openstreetmap.org/way/461398819,2026-10-08T20:21:06Z,,,needs_human_review
2,OSM-WAY-461399106,mecca,religiousSite,Masjid Eid Bin Mohammed Al Mautrofi,مسجد عيد بن محمد المطرفي,,21.448082,39.827062,https://www.openstreetmap.org/way/461399106,2026-10-08T20:21:06Z,,,needs_human_review
2,OSM-WAY-461400006,mecca,religiousSite,Masjid Al Amirah Anoud,مسجد الاميرة العنود,,21.450528,39.825151,https://www.openstreetmap.org/way/461400006,2026-10-08T20:21:06Z,,,needs_human_review
2,OSM-WAY-461401141,mecca,religiousSite,Masjid As Sheikh Ahmed Mohammed Jamal,مسجد الشيخ أحمد محمد جمال,,21.452297,39.82495,https://www.openstreetmap.org/way/461401141,2026-10-08T20:21:06Z,,,needs_human_review
2,OSM-WAY-461401802,mecca,religiousSite,Masjid Al Wofian,مسجد الوفيان,,21.446454,39.81996,https://www.openstreetmap.org/way/461401802,2026-10-08T20:21:06Z,,,needs_human_review
2,OSM-WAY-461402952,mecca,religiousSite,Masjid Taiba,مسجد طيبة,,21.44485,39.817477,https://www.openstreetmap.org/way/461402952,2026-10-08T20:21:06Z,,,needs_human_review
2,OSM-WAY-461403166,mecca,religiousSite,Masjid Sayd al-Barrak Assaaedi,مسجد سعد براك الصاعدي,,21.446836,39.816311,https://www.openstreetmap.org/way/461403166,2026-10-08T20:21:06Z,,,needs_human_review
2,OSM-WAY-461403585,mecca,religiousSite,Masjid Sa'af Abdullah Al-Lihyani Al Hudhali,مسجد سعاف عبدالله اللحياني الهذلي,,21.444957,39.823107,https://www.openstreetmap.org/way/461403585,2026-10-08T20:21:06Z,,,needs_human_review
2,OSM-WAY-461403628,mecca,religiousSite,Masjid Ahmed Al Ansari,مسجد أحمد الأنصاري,,21.444282,39.823386,https://www.openstreetmap.org/way/461403628,2026-10-08T20:21:06Z,,,needs_human_review
2,OSM-WAY-461403975,mecca,religiousSite,Masjid Abad,مسجد عباد,,21.443184,39.820653,https://www.openstreetmap.org/way/461403975,2026-10-08T20:21:06Z,,,needs_human_review
2,OSM-WAY-461404122,mecca,religiousSite,Masjid Anas Ibn Malik,مسجد أنس بن مالك,,21.442062,39.818817,https://www.openstreetmap.org/way/461404122,2026-10-08T20:21:06Z,,,needs_human_review
2,OSM-WAY-461404333,mecca,religiousSite,مسجد المجزرة الجديدة,مسجد المجزرة الجديدة,,21.442639,39.819127,https://www.openstreetmap.org/way/461404333,2026-10-08T20:21:06Z,,,needs_human_review
2,OSM-WAY-461404524,mecca,religiousSite,Masjid Saleh Al Owaisi,مسجد صالح العويسي,,21.441222,39.819163,https://www.openstreetmap.org/way/461404524,2026-10-08T20:21:06Z,,,needs_human_review
2,OSM-WAY-461405228,mecca,religiousSite,Masjid Ibn Mallouh,مسجد بن ملوح,,21.43969,39.818969,https://www.openstreetmap.org/way/461405228,2026-10-08T20:21:06Z,,,needs_human_review
2,OSM-WAY-461405530,mecca,religiousSite,مسجد معتوق صعيدي,مسجد معتوق صعيدي,,21.439131,39.821828,https://www.openstreetmap.org/way/461405530,2026-10-08T20:21:06Z,,,needs_human_review
2,OSM-WAY-461405851,mecca,religiousSite,مسجد الاميرة حصة,مسجد الاميرة حصة,,21.437336,39.824741,https://www.openstreetmap.org/way/461405851,2026-10-08T20:21:06Z,,,needs_human_review
2,OSM-WAY-461406928,mecca,religiousSite,Masjid Mohamed Al Mansoori,جامع محمد المنصوري,,21.440469,39.824816,https://www.openstreetmap.org/way/461406928,2026-10-08T20:21:06Z,,,needs_human_review
2,OSM-WAY-461406929,mecca,religiousSite,Masjid Umm Al Mu'mineen Khadija,مسجد أم المؤمنين خديجة,,21.441109,39.825567,https://www.openstreetmap.org/way/461406929,2026-10-08T20:21:06Z,,,needs_human_review
2,OSM-WAY-461408655,mecca,religiousSite,Masjid Ibn Mallouh,مسجد بن ملوح,,21.438266,39.819426,https://www.openstreetmap.org/way/461408655,2026-10-08T20:21:06Z,,,needs_human_review
2,OSM-WAY-461408911,mecca,religiousSite,Masjid Munira Al Mcharf,مسجد منيرة المشرف,,21.435894,39.818767,https://www.openstreetmap.org/way/461408911,2026-10-08T20:21:06Z,,,needs_human_review
2,OSM-WAY-461409282,mecca,religiousSite,مسجد بن معتق,مسجد بن معتق,,21.43763,39.817479,https://www.openstreetmap.org/way/461409282,2026-10-08T20:21:06Z,,,needs_human_review
2,OSM-WAY-461487674,mecca,religiousSite,Masjid Biladi,مسجد بلادي,,21.423954,39.814043,https://www.openstreetmap.org/way/461487674,2026-10-08T20:21:06Z,,,needs_human_review
2,OSM-WAY-461488203,mecca,religiousSite,جامع الشيخ / حسين بن إبراهيم أبو سليمان,جامع الشيخ / حسين بن إبراهيم أبو سليمان,,21.424869,39.813089,https://www.openstreetmap.org/way/461488203,2026-10-08T20:21:06Z,,,needs_human_review
2,OSM-WAY-461488373,mecca,religiousSite,Masjid Abdul Al Aziz Kaki,مسجد عبد العزيز كعكي,,21.429119,39.808408,https://www.openstreetmap.org/way/461488373,2026-10-08T20:21:06Z,,,needs_human_review
2,OSM-WAY-461598093,mecca,religiousSite,Masjid Al Khair,مسجد الخير,,21.399928,39.822925,https://www.openstreetmap.org/way/461598093,2026-10-08T20:21:06Z,,,needs_human_review
2,OSM-WAY-461731332,mecca,religiousSite,Masjid Ar-Rahma مسجد الرحمة,Masjid Ar-Rahma مسجد الرحمة,,21.425356,39.805958,https://www.openstreetmap.org/way/461731332,2026-10-08T20:21:06Z,,,needs_human_review
2,OSM-WAY-461731941,mecca,religiousSite,Masjid Zaineb Dum,مسجد زينب دوم,,21.424442,39.804257,https://www.openstreetmap.org/way/461731941,2026-10-08T20:21:06Z,,,needs_human_review
2,OSM-WAY-461732309,mecca,religiousSite,Masjid al Ouazza,مسجد الوزة,,21.426486,39.789696,https://www.openstreetmap.org/way/461732309,2026-10-08T20:21:06Z,,,needs_human_review
2,OSM-WAY-461732485,mecca,religiousSite,جامع الشيخ عبدالرحمن محمد صالح,جامع الشيخ عبدالرحمن محمد صالح,,21.432766,39.791533,https://www.openstreetmap.org/way/461732485,2026-10-08T20:21:06Z,,,needs_human_review
2,OSM-WAY-461732575,mecca,religiousSite,Masjid al Amirah Sheikha,مسجد الاميرة شيخة,,21.432618,39.79278,https://www.openstreetmap.org/way/461732575,2026-10-08T20:21:06Z,,,needs_human_review
2,OSM-WAY-461732924,mecca,religiousSite,Masjid Attasan,مسجد الطاسان,,21.436219,39.791588,https://www.openstreetmap.org/way/461732924,2026-10-08T20:21:06Z,,,needs_human_review
2,OSM-WAY-461733102,mecca,religiousSite,Masjid Al Khradra,المسجد الأخضر,,21.435573,39.793483,https://www.openstreetmap.org/way/461733102,2026-10-08T20:21:06Z,,,needs_human_review
2,OSM-WAY-461733192,mecca,religiousSite,Masjid Al Jaud,Masjid Al Jaud,,21.432645,39.796458,https://www.openstreetmap.org/way/461733192,2026-10-08T20:21:06Z,,,needs_human_review
2,OSM-WAY-461733431,mecca,religiousSite,Masjid Al Kuwaiti,مسجد الكويتي,,21.432364,39.799925,https://www.openstreetmap.org/way/461733431,2026-10-08T20:21:06Z,,,needs_human_review
2,OSM-WAY-461733508,mecca,religiousSite,Masjid Ar-Rahma,مسجد الرحمة,,21.433411,39.800106,https://www.openstreetmap.org/way/461733508,2026-10-08T20:21:06Z,,,needs_human_review
2,OSM-WAY-461734525,mecca,religiousSite,Masjid al Hazemi,مسجد سليمان الحازمي,,21.438019,39.797222,https://www.openstreetmap.org/way/461734525,2026-10-08T20:21:06Z,,,needs_human_review
2,OSM-WAY-461735375,mecca,religiousSite,Masjid Badria Abdel Razak,مسجد بدريه عبد الرازق,,21.429009,39.795133,https://www.openstreetmap.org/way/461735375,2026-10-08T20:21:06Z,,,needs_human_review
2,OSM-WAY-461738290,mecca,religiousSite,Masjid An-Nour,مسجد النور,,21.405807,39.791909,https://www.openstreetmap.org/way/461738290,2026-10-08T20:21:06Z,,,needs_human_review
2,OSM-WAY-461738436,mecca,religiousSite,Masjid Ibn Utheimin,مسجد ابن عثيمين,,21.40966,39.793834,https://www.openstreetmap.org/way/461738436,2026-10-08T20:21:06Z,,,needs_human_review
2,OSM-WAY-461738459,mecca,religiousSite,مسجد محطة الصفوة,مسجد محطة الصفوة,,21.407075,39.796488,https://www.openstreetmap.org/way/461738459,2026-10-08T20:21:06Z,,,needs_human_review
2,OSM-WAY-461740818,mecca,religiousSite,مسجد الجمعية الخيرية,مسجد الجمعية الخيرية,,21.433186,39.787887,https://www.openstreetmap.org/way/461740818,2026-10-08T20:21:06Z,,,needs_human_review
2,OSM-WAY-461741511,mecca,religiousSite,Masjid Al Qazzaz,مسجد القزاز,,21.436714,39.786344,https://www.openstreetmap.org/way/461741511,2026-10-08T20:21:06Z,,,needs_human_review
2,OSM-WAY-461741755,mecca,religiousSite,مسجد فاطمة البتول-القزاز,مسجد فاطمة البتول-القزاز,,21.438188,39.783082,https://www.openstreetmap.org/way/461741755,2026-10-08T20:21:06Z,,,needs_human_review
2,OSM-WAY-461742250,mecca,religiousSite,Masjid As-Saban,مسجد الصبان,,21.440132,39.780995,https://www.openstreetmap.org/way/461742250,2026-10-08T20:21:06Z,,,needs_human_review
2,OSM-WAY-461743314,mecca,religiousSite,Masjid Ali Abu Al-Ala,مسجد علي أبو العلاء,,21.428517,39.781664,https://www.openstreetmap.org/way/461743314,2026-10-08T20:21:06Z,,,needs_human_review
2,OSM-WAY-461743316,mecca,religiousSite,Masjid Al-Malik Fahd,مسجد الملك فهد,,21.426982,39.780511,https://www.openstreetmap.org/way/461743316,2026-10-08T20:21:06Z,,,needs_human_review
2,OSM-WAY-461743609,mecca,religiousSite,Masjid Bilal bin Rabah,مسجد بلال بن رباح,,21.428329,39.784376,https://www.openstreetmap.org/way/461743609,2026-10-08T20:21:06Z,,,needs_human_review
2,OSM-WAY-461744017,mecca,religiousSite,Masjid Abu-Hulail,مسجد أبوهليل,,21.431339,39.784126,https://www.openstreetmap.org/way/461744017,2026-10-08T20:21:06Z,,,needs_human_review
2,OSM-WAY-462344646,mecca,religiousSite,Masjid Al Mansouri,مسجد المنصوري,,21.413443,39.770744,https://www.openstreetmap.org/way/462344646,2026-10-08T20:21:06Z,,,needs_human_review
2,OSM-WAY-462344977,mecca,religiousSite,Masjid Dar At-Tauba,مسجد دار التوبة,,21.419199,39.774821,https://www.openstreetmap.org/way/462344977,2026-10-08T20:21:06Z,,,needs_human_review
2,OSM-WAY-462345405,mecca,religiousSite,Masjid Amirah Al Anoud,مسجد الأميرة العنود,,21.422921,39.768706,https://www.openstreetmap.org/way/462345405,2026-10-08T20:21:06Z,,,needs_human_review
2,OSM-WAY-462345864,mecca,religiousSite,Masjid Al-Uzinani,مسجد الوذيناني,,21.432725,39.766229,https://www.openstreetmap.org/way/462345864,2026-10-08T20:21:06Z,,,needs_human_review
2,OSM-WAY-462346005,mecca,religiousSite,مسجد مبرك اللقماني,مسجد مبرك اللقماني,,21.434653,39.765401,https://www.openstreetmap.org/way/462346005,2026-10-08T20:21:06Z,,,needs_human_review
2,OSM-WAY-462346084,mecca,religiousSite,Masjid Bakhit Al-qmani,مسجد بخيت اللقماني,,21.43401,39.760351,https://www.openstreetmap.org/way/462346084,2026-10-08T20:21:06Z,,,needs_human_review
2,OSM-WAY-462346334,mecca,religiousSite,مسجد الرابطة,مسجد الرابطة,,21.437925,39.759525,https://www.openstreetmap.org/way/462346334,2026-10-08T20:21:06Z,,,needs_human_review
2,OSM-WAY-462346890,mecca,religiousSite,Masjid Salem Al-Luqmani,مسجد سالم اللقماني,,21.428671,39.75266,https://www.openstreetmap.org/way/462346890,2026-10-08T20:21:06Z,,,needs_human_review
2,OSM-WAY-462346891,mecca,religiousSite,Masjid Mazen Al-Luqmani,مسجد مازن اللقماني,,21.429894,39.750083,https://www.openstreetmap.org/way/462346891,2026-10-08T20:21:06Z,,,needs_human_review
2,OSM-WAY-462347823,mecca,religiousSite,Masjid As-Sayyidah Khadijah (RA),أم المؤنين خديجة رضي الله عنها,,21.435675,39.771755,https://www.openstreetmap.org/way/462347823,2026-10-08T20:21:06Z,,,needs_human_review
2,OSM-WAY-462353369,mecca,religiousSite,Masjid Al-Imam Shafi'i,Masjid Al-Imam Shafi'i,,21.446367,39.766568,https://www.openstreetmap.org/way/462353369,2026-10-08T20:21:06Z,,,needs_human_review
2,OSM-WAY-462354010,mecca,religiousSite,Masjid Al-Imam Al-Dahabi,مسجد الإمام الذهبي,,21.451464,39.764511,https://www.openstreetmap.org/way/462354010,2026-10-08T20:21:06Z,,,needs_human_review
2,OSM-WAY-462354530,mecca,religiousSite,Masjid As-Salam,مسجد السلام,,21.455011,39.762027,https://www.openstreetmap.org/way/462354530,2026-10-08T20:21:06Z,,,needs_human_review
2,OSM-WAY-462354821,mecca,religiousSite,Masjid Saad bin Maaz,Masjid Saad bin Maaz,,21.452933,39.767506,https://www.openstreetmap.org/way/462354821,2026-10-08T20:21:06Z,,,needs_human_review
2,OSM-WAY-462356650,mecca,religiousSite,Masjid Al-Terkstani,مسجد التركستاني,,21.426047,39.783039,https://www.openstreetmap.org/way/462356650,2026-10-08T20:21:06Z,,,needs_human_review
2,OSM-WAY-462366839,mecca,religiousSite,مسجد الرأفة,مسجد الرأفة,,21.434215,39.781283,https://www.openstreetmap.org/way/462366839,2026-10-08T20:21:06Z,,,needs_human_review
2,OSM-WAY-462639207,mecca,religiousSite,Masjid Ar-Rayyan,مسجد الريان,,21.370805,39.799493,https://www.openstreetmap.org/way/462639207,2026-10-08T20:21:06Z,,,needs_human_review
2,OSM-WAY-462639208,mecca,religiousSite,Masjid Ali Bin Abi Talib,مسجد علي بن أبي طالب,,21.368505,39.798274,https://www.openstreetmap.org/way/462639208,2026-10-08T20:21:06Z,,,needs_human_review
2,OSM-WAY-462653189,mecca,religiousSite,مسجد البوقري,مسجد البوقري,,21.37167,39.794521,https://www.openstreetmap.org/way/462653189,2026-10-08T20:21:06Z,,,needs_human_review
2,OSM-WAY-462653530,mecca,religiousSite,Masjid Aqeel ibn Abi Talib,مسجد عقيل بن ابي طالب,,21.376402,39.801499,https://www.openstreetmap.org/way/462653530,2026-10-08T20:21:06Z,,,needs_human_review
2,OSM-WAY-462655884,mecca,religiousSite,Masjid Bilal Ben Rabah مسجد بلال بن رباح,Masjid Bilal Ben Rabah مسجد بلال بن رباح,,21.39079,39.799517,https://www.openstreetmap.org/way/462655884,2026-10-08T20:21:06Z,,,needs_human_review
2,OSM-WAY-462656555,mecca,religiousSite,Masjid Abdul Rahman bin Auf,مسجد عبدالرحمن بن عوف,,21.386601,39.785993,https://www.openstreetmap.org/way/462656555,2026-10-08T20:21:06Z,,,needs_human_review
2,OSM-WAY-462656879,mecca,religiousSite,Masjid Bilal Bin Rabah,مسجد بلال بن رباح,,21.39236,39.783655,https://www.openstreetmap.org/way/462656879,2026-10-08T20:21:06Z,,,needs_human_review
2,OSM-WAY-462657365,mecca,religiousSite,Masjid Al-Hammadi,مسجد الحمادي,,21.404386,39.783081,https://www.openstreetmap.org/way/462657365,2026-10-08T20:21:06Z,,,needs_human_review
2,OSM-WAY-462657737,mecca,religiousSite,Mosque As-Zuhd,مسجد الزهد,,21.407897,39.778191,https://www.openstreetmap.org/way/462657737,2026-10-08T20:21:06Z,,,needs_human_review
2,OSM-WAY-462658375,mecca,religiousSite,Masjid Saleh Al Qar'awi,مسجد صالح القرعاوي,,21.404282,39.777096,https://www.openstreetmap.org/way/462658375,2026-10-08T20:21:06Z,,,needs_human_review
2,OSM-WAY-462658808,mecca,religiousSite,Masjid Abu Bakr As-Siddiq,Masjid Abu Bakr As-Siddiq,,21.405637,39.772491,https://www.openstreetmap.org/way/462658808,2026-10-08T20:21:06Z,,,needs_human_review
2,OSM-WAY-462659885,mecca,religiousSite,Masjid Al-Kawthar,مسجد الكوثر,,21.403385,39.771885,https://www.openstreetmap.org/way/462659885,2026-10-08T20:21:06Z,,,needs_human_review
2,OSM-WAY-462660680,mecca,religiousSite,Masjid Al-Firdous,مسجد الفردوس,,21.401812,39.769275,https://www.openstreetmap.org/way/462660680,2026-10-08T20:21:06Z,,,needs_human_review
2,OSM-WAY-462661644,mecca,religiousSite,Masjid Al Kawtar,مسجد الكوثر,,21.39899,39.769894,https://www.openstreetmap.org/way/462661644,2026-10-08T20:21:06Z,,,needs_human_review
2,OSM-WAY-464121213,mecca,religiousSite,Masjid Al Sultan Mehmet Fatih,مسجد السلطان محمد الفاتح,,21.366376,39.87409,https://www.openstreetmap.org/way/464121213,2026-10-08T20:21:06Z,,,needs_human_review
2,OSM-WAY-464121214,mecca,religiousSite,مسجد النسيم,مسجد النسيم,,21.370699,39.876156,https://www.openstreetmap.org/way/464121214,2026-10-08T20:21:06Z,,,needs_human_review
2,OSM-WAY-464121500,mecca,religiousSite,Masjid Al Amirah Fahda Bint Turki as-Sudairy,مسجد الأميرة فهدة بنت تركي السديري,,21.374191,39.878651,https://www.openstreetmap.org/way/464121500,2026-10-08T20:21:06Z,,,needs_human_review
2,OSM-WAY-464121719,mecca,religiousSite,Masjid Al Mansouri,مسجد المنصوري,,21.363386,39.888024,https://www.openstreetmap.org/way/464121719,2026-10-08T20:21:06Z,,,needs_human_review
2,OSM-WAY-464122549,mecca,religiousSite,Masjid Aisha Ar-Rajhi,مسجد عائشة الراجحي,,21.382162,39.873563,https://www.openstreetmap.org/way/464122549,2026-10-08T20:21:06Z,,,needs_human_review
2,OSM-WAY-464122917,mecca,religiousSite,Masjid Salim al-Jafri,Masjid Salim al-Jafri,,21.358037,39.883444,https://www.openstreetmap.org/way/464122917,2026-10-08T20:21:06Z,,,needs_human_review
2,OSM-WAY-464123075,mecca,religiousSite,Masjid Al-Qahtani,مسجد القحطاني,,21.352012,39.891752,https://www.openstreetmap.org/way/464123075,2026-10-08T20:21:06Z,,,needs_human_review
2,OSM-WAY-464123232,mecca,religiousSite,Masjid an-Noor,مسجد النور,,21.354831,39.892495,https://www.openstreetmap.org/way/464123232,2026-10-08T20:21:06Z,,,needs_human_review
2,OSM-WAY-464123534,mecca,religiousSite,Masjid Haya al-Assaf,مسجد هيا العساف,,21.352282,39.898569,https://www.openstreetmap.org/way/464123534,2026-10-08T20:21:06Z,,,needs_human_review
2,OSM-WAY-464123624,mecca,religiousSite,Masjid Mirza,مسجد مرزا,,21.347598,39.897124,https://www.openstreetmap.org/way/464123624,2026-10-08T20:21:06Z,,,needs_human_review
2,OSM-WAY-464174643,mecca,religiousSite,Masjid Ibn Sa'di,مسجد ابن سعدي,,21.359953,39.880409,https://www.openstreetmap.org/way/464174643,2026-10-08T20:21:06Z,,,needs_human_review
2,OSM-WAY-464174974,mecca,religiousSite,Masjid Bin Dawood,مسجد بن داود,,21.360904,39.893499,https://www.openstreetmap.org/way/464174974,2026-10-08T20:21:06Z,,,needs_human_review
2,OSM-WAY-464175317,mecca,religiousSite,Masjid Saad Bin Mu'adh,مسجد سعد بن معاذ,,21.359591,39.897138,https://www.openstreetmap.org/way/464175317,2026-10-08T20:21:06Z,,,needs_human_review
2,OSM-WAY-464175824,mecca,religiousSite,Masjid al-Nurain,مسجد ذو النورين,,21.359892,39.900507,https://www.openstreetmap.org/way/464175824,2026-10-08T20:21:06Z,,,needs_human_review
2,OSM-WAY-464176094,mecca,religiousSite,مسجد نورة بنت محمد التويم,مسجد نورة بنت محمد التويم,,21.354449,39.917763,https://www.openstreetmap.org/way/464176094,2026-10-08T20:21:06Z,,,needs_human_review
2,OSM-WAY-464176670,mecca,religiousSite,Masjid al-Tamimi,مسجد التميمي,,21.346536,39.914323,https://www.openstreetmap.org/way/464176670,2026-10-08T20:21:06Z,,,needs_human_review
2,OSM-WAY-464177239,mecca,religiousSite,Masjid an-Namla,مسجد النملة,,21.350634,39.909638,https://www.openstreetmap.org/way/464177239,2026-10-08T20:21:06Z,,,needs_human_review
2,OSM-WAY-464178615,mecca,religiousSite,Masjid al-Furqan,مسجد الفرقان,,21.35435,39.912352,https://www.openstreetmap.org/way/464178615,2026-10-08T20:21:06Z,,,needs_human_review
2,OSM-WAY-467544235,mecca,religiousSite,Masjid al Khalas,مسجد الإخلاص,,21.457796,39.7961,https://www.openstreetmap.org/way/467544235,2026-10-08T20:21:06Z,,,needs_human_review
2,OSM-WAY-467544469,mecca,religiousSite,مسجد ردود الجهني,مسجد ردود الجهني,,21.455797,39.790328,https://www.openstreetmap.org/way/467544469,2026-10-08T20:21:06Z,,,needs_human_review
2,OSM-WAY-467544485,mecca,religiousSite,Masjid Mubarak al-Zahrani,مسجد مبارك الزهراني,,21.458884,39.788968,https://www.openstreetmap.org/way/467544485,2026-10-08T20:21:06Z,,,needs_human_review
2,OSM-WAY-467544746,mecca,religiousSite,Masjid Hassan bin Thabit,مسجد حسان بن ثابت,,21.465684,39.795407,https://www.openstreetmap.org/way/467544746,2026-10-08T20:21:06Z,,,needs_human_review
2,OSM-WAY-467609231,mecca,religiousSite,Masjid Suleiman al-Lahibi,جامع سليمان اللهيبي,,21.473081,39.792112,https://www.openstreetmap.org/way/467609231,2026-10-08T20:21:06Z,,,needs_human_review
2,OSM-WAY-467610014,mecca,religiousSite,Masjid Bilal Bin Rabah,مسجد بلال بن رباح,,21.470219,39.788764,https://www.openstreetmap.org/way/467610014,2026-10-08T20:21:06Z,,,needs_human_review
2,OSM-WAY-467610364,mecca,religiousSite,Masjid as-Salam,مسجد السلام,,21.474086,39.788893,https://www.openstreetmap.org/way/467610364,2026-10-08T20:21:06Z,,,needs_human_review
2,OSM-WAY-467610650,mecca,religiousSite,مسجد البتاوي,مسجد البتاوي,,21.47226,39.788229,https://www.openstreetmap.org/way/467610650,2026-10-08T20:21:06Z,,,needs_human_review
2,OSM-WAY-467653717,mecca,religiousSite,Masjid,As Sabi Banat Mosque,,21.417024,39.830579,https://www.openstreetmap.org/way/467653717,2026-10-08T20:21:06Z,,,needs_human_review
2,OSM-WAY-467654041,mecca,religiousSite,Masjid al-Nihari,Masjid al-Nihari,,21.416457,39.829653,https://www.openstreetmap.org/way/467654041,2026-10-08T20:21:06Z,,,needs_human_review
2,OSM-WAY-473301379,mecca,religiousSite,Makam-ı İbrahim,مقام إبراهيم,,21.422578,39.826306,https://www.openstreetmap.org/way/473301379,2026-10-08T20:21:06Z,,,needs_human_review
2,OSM-WAY-476976637,mecca,religiousSite,Masjid,,,21.364728,39.775485,https://www.openstreetmap.org/way/476976637,2026-10-08T20:21:06Z,,,needs_human_review
2,OSM-WAY-476976944,mecca,religiousSite,Masjid al-Ihsaan,مسجد الإحسان,,21.381753,39.784879,https://www.openstreetmap.org/way/476976944,2026-10-08T20:21:06Z,,,needs_human_review
2,OSM-WAY-476977268,mecca,religiousSite,Masjid Roqayyah Bamkos,مسجد رقية بامقوس,,21.3869,39.787892,https://www.openstreetmap.org/way/476977268,2026-10-08T20:21:06Z,,,needs_human_review
2,OSM-WAY-476977883,mecca,religiousSite,Masjid Suwaylih as-Sa'edi,مسجد صويلح الصاعدي,,21.470745,39.783166,https://www.openstreetmap.org/way/476977883,2026-10-08T20:21:06Z,,,needs_human_review
2,OSM-WAY-476978020,mecca,religiousSite,Masjid Aqil al-Jiffri,مسجد عقيل الجفري,,21.470582,39.778678,https://www.openstreetmap.org/way/476978020,2026-10-08T20:21:06Z,,,needs_human_review
2,OSM-WAY-476978388,mecca,religiousSite,Masjid ateeye al-Wafi,مسجد عطية الوافي,,21.476229,39.778985,https://www.openstreetmap.org/way/476978388,2026-10-08T20:21:06Z,,,needs_human_review
2,OSM-WAY-476979009,mecca,religiousSite,Masjid as-Sayyidah,مسجد السيدة,,21.479802,39.785534,https://www.openstreetmap.org/way/476979009,2026-10-08T20:21:06Z,,,needs_human_review
2,OSM-WAY-476979861,mecca,religiousSite,Masjid Dakhil al-Khataabi,مسجد داخل الخطابي,,21.481705,39.787571,https://www.openstreetmap.org/way/476979861,2026-10-08T20:21:06Z,,,needs_human_review
2,OSM-WAY-476980493,mecca,religiousSite,Masjid Khubayb bin Udai,مسجد خبيب بن عدي,,21.480016,39.791982,https://www.openstreetmap.org/way/476980493,2026-10-08T20:21:06Z,,,needs_human_review
2,OSM-WAY-476982004,mecca,religiousSite,مسجد ردة الصبحي,مسجد ردة الصبحي,,21.494809,39.797168,https://www.openstreetmap.org/way/476982004,2026-10-08T20:21:06Z,,,needs_human_review
2,OSM-WAY-476982399,mecca,religiousSite,Masjid 'Abdala as-Sulami,مسجد عبدالعالي السلمي,,21.493788,39.795691,https://www.openstreetmap.org/way/476982399,2026-10-08T20:21:06Z,,,needs_human_review
2,OSM-WAY-476983462,mecca,religiousSite,Masjid Salim al-Lahyani,مسجد سالم اللحياني,,21.491977,39.787755,https://www.openstreetmap.org/way/476983462,2026-10-08T20:21:06Z,,,needs_human_review
2,OSM-WAY-476983758,mecca,religiousSite,Masjid,,,21.496928,39.784405,https://www.openstreetmap.org/way/476983758,2026-10-08T20:21:06Z,,,needs_human_review
2,OSM-WAY-476984071,mecca,religiousSite,Masjid at-Taqwa,مسجد التقوى,,21.497174,39.782157,https://www.openstreetmap.org/way/476984071,2026-10-08T20:21:06Z,,,needs_human_review
2,OSM-WAY-476984330,mecca,religiousSite,Masjid Salim as-Subhi,مسجد سالم الصبحي,,21.499734,39.783029,https://www.openstreetmap.org/way/476984330,2026-10-08T20:21:06Z,,,needs_human_review
2,OSM-WAY-476984640,mecca,religiousSite,Masjid al-Mahmadi,مسجد المحمادي,,21.507731,39.781283,https://www.openstreetmap.org/way/476984640,2026-10-08T20:21:06Z,,,needs_human_review
2,OSM-WAY-476984755,mecca,religiousSite,Masjid Anas ibn Malik,مسجد أنس بن مالك,,21.507323,39.787693,https://www.openstreetmap.org/way/476984755,2026-10-08T20:21:06Z,,,needs_human_review
2,OSM-WAY-476985421,mecca,religiousSite,Masjid Samra Ibn Jundab,مسجد سمرة بن جندب,,21.510944,39.785936,https://www.openstreetmap.org/way/476985421,2026-10-08T20:21:06Z,,,needs_human_review
2,OSM-WAY-476985779,mecca,religiousSite,Masjid al-Rafuran,مسجد الغفران,,21.511759,39.781517,https://www.openstreetmap.org/way/476985779,2026-10-08T20:21:06Z,,,needs_human_review
2,OSM-WAY-476986781,mecca,religiousSite,Masjid as-Surayhi,مسجد السريحي,,21.516928,39.786,https://www.openstreetmap.org/way/476986781,2026-10-08T20:21:06Z,,,needs_human_review
2,OSM-WAY-476986980,mecca,religiousSite,Masjid Zhra al-Umrah,مسجد زهرة العمرة,,21.521044,39.779703,https://www.openstreetmap.org/way/476986980,2026-10-08T20:21:06Z,,,needs_human_review
2,OSM-WAY-476987333,mecca,religiousSite,Masjid ar-Rahma,مسجد الرحمة,,21.525651,39.774184,https://www.openstreetmap.org/way/476987333,2026-10-08T20:21:06Z,,,needs_human_review
2,OSM-WAY-476987546,mecca,religiousSite,مسجد الاحسان الخيري,مسجد الاحسان الخيري,,21.528471,39.778023,https://www.openstreetmap.org/way/476987546,2026-10-08T20:21:06Z,,,needs_human_review
2,OSM-WAY-476987777,mecca,religiousSite,Masjid al-Khawlani,مسجد الخولاني,,21.531912,39.785205,https://www.openstreetmap.org/way/476987777,2026-10-08T20:21:06Z,,,needs_human_review
2,OSM-WAY-476987864,mecca,religiousSite,مسجد الربوة,مسجد الربوة,,21.529162,39.788235,https://www.openstreetmap.org/way/476987864,2026-10-08T20:21:06Z,,,needs_human_review
2,OSM-WAY-476988364,mecca,religiousSite,Masjdi Muzna as-Salum,مسجد مزنة السلوم,,21.531918,39.790188,https://www.openstreetmap.org/way/476988364,2026-10-08T20:21:06Z,,,needs_human_review
2,OSM-WAY-476988917,mecca,religiousSite,Masjid Ma'ala al-Mahmaadi,مسجد معلا المحمادي,,21.535605,39.78294,https://www.openstreetmap.org/way/476988917,2026-10-08T20:21:06Z,,,needs_human_review
2,OSM-WAY-476989094,mecca,religiousSite,Masjid Lafi al-Majnooni,مسجد لافي المجنوني,,21.536303,39.79705,https://www.openstreetmap.org/way/476989094,2026-10-08T20:21:06Z,,,needs_human_review
2,OSM-WAY-476989350,mecca,religiousSite,Masjid Sa'id as-Sa'edi,مسجد ساعد الصاعدي,,21.543886,39.796705,https://www.openstreetmap.org/way/476989350,2026-10-08T20:21:06Z,,,needs_human_review
2,OSM-WAY-476989673,mecca,religiousSite,Masjid Hamid al-Hiani,مسجد حميد اللحياني,,21.54943,39.799568,https://www.openstreetmap.org/way/476989673,2026-10-08T20:21:06Z,,,needs_human_review
2,OSM-WAY-476990934,mecca,religiousSite,مسجد المشمس,مسجد المشمس,,21.546472,39.77615,https://www.openstreetmap.org/way/476990934,2026-10-08T20:21:06Z,,,needs_human_review
2,OSM-WAY-476991163,mecca,religiousSite,مسجد الفودة,مسجد الفودة,,21.548017,39.774402,https://www.openstreetmap.org/way/476991163,2026-10-08T20:21:06Z,,,needs_human_review
2,OSM-WAY-476991318,mecca,religiousSite,Masjid Fawzia al-Husseini,مسجد فوزية الحسيني,,21.549509,39.775022,https://www.openstreetmap.org/way/476991318,2026-10-08T20:21:06Z,,,needs_human_review
2,OSM-WAY-477008025,mecca,religiousSite,Masjid,,,21.46665,39.9374,https://www.openstreetmap.org/way/477008025,2026-10-08T20:21:06Z,,,needs_human_review
2,OSM-WAY-477008742,mecca,religiousSite,Masjid,,,21.46617,39.934035,https://www.openstreetmap.org/way/477008742,2026-10-08T20:21:06Z,,,needs_human_review
2,OSM-WAY-477009486,mecca,religiousSite,Masjid al-Aqeel,مسجد العقيل,,21.463885,39.933797,https://www.openstreetmap.org/way/477009486,2026-10-08T20:21:06Z,,,needs_human_review
2,OSM-WAY-477009783,mecca,religiousSite,Masjid,مسجد,,21.461136,39.938064,https://www.openstreetmap.org/way/477009783,2026-10-08T20:21:06Z,,,needs_human_review
2,OSM-WAY-477010223,mecca,religiousSite,Masjid as-Zamil,مسجد الزامل,,21.462808,39.940517,https://www.openstreetmap.org/way/477010223,2026-10-08T20:21:06Z,,,needs_human_review
2,OSM-WAY-477010806,mecca,religiousSite,Masjid,,,21.464848,39.941805,https://www.openstreetmap.org/way/477010806,2026-10-08T20:21:06Z,,,needs_human_review
2,OSM-WAY-477011050,mecca,religiousSite,مسجد الوشم,مسجد الوشم,,21.465361,39.940956,https://www.openstreetmap.org/way/477011050,2026-10-08T20:21:06Z,,,needs_human_review
2,OSM-WAY-477011294,mecca,religiousSite,Masjid Hunayn,مسجد حنين,,21.467161,39.939159,https://www.openstreetmap.org/way/477011294,2026-10-08T20:21:06Z,,,needs_human_review
2,OSM-WAY-477011813,mecca,religiousSite,Masjid al Asyq,مسجد الإصيقع,,21.470441,39.941078,https://www.openstreetmap.org/way/477011813,2026-10-08T20:21:06Z,,,needs_human_review
2,OSM-WAY-477012433,mecca,religiousSite,Masjid,,,21.469831,39.944424,https://www.openstreetmap.org/way/477012433,2026-10-08T20:21:06Z,,,needs_human_review
2,OSM-WAY-477012518,mecca,religiousSite,Masjid as-Saliheen,مسجد الصالحين,,21.469241,39.949523,https://www.openstreetmap.org/way/477012518,2026-10-08T20:21:06Z,,,needs_human_review
2,OSM-WAY-477012834,mecca,religiousSite,Masjid Sheikh Tayeb,مسجد الشيخ الطيب,,21.467695,39.949066,https://www.openstreetmap.org/way/477012834,2026-10-08T20:21:06Z,,,needs_human_review
2,OSM-WAY-477012992,mecca,religiousSite,Masjid,,,21.469445,39.952711,https://www.openstreetmap.org/way/477012992,2026-10-08T20:21:06Z,,,needs_human_review
2,OSM-WAY-477013073,mecca,religiousSite,Masjid,,,21.472846,39.953068,https://www.openstreetmap.org/way/477013073,2026-10-08T20:21:06Z,,,needs_human_review
2,OSM-WAY-477013155,mecca,religiousSite,Masjid,,,21.475502,39.951827,https://www.openstreetmap.org/way/477013155,2026-10-08T20:21:06Z,,,needs_human_review
2,OSM-WAY-477013243,mecca,religiousSite,Masjid,,,21.478076,39.950594,https://www.openstreetmap.org/way/477013243,2026-10-08T20:21:06Z,,,needs_human_review
2,OSM-WAY-477013615,mecca,religiousSite,Masjid Aisha Ghabra,مسجد عائشة غبرة,,21.477391,39.947845,https://www.openstreetmap.org/way/477013615,2026-10-08T20:21:06Z,,,needs_human_review
2,OSM-WAY-477015141,mecca,religiousSite,Masjid as-Sheikh Jassin Khayyat,مسجد الشيخ ياسين خياط,,21.480042,39.946806,https://www.openstreetmap.org/way/477015141,2026-10-08T20:21:06Z,,,needs_human_review
2,OSM-WAY-477015403,mecca,religiousSite,Masjid Riyadh as-Saliheen,مسجد رياض الصالحين,,21.479185,39.944401,https://www.openstreetmap.org/way/477015403,2026-10-08T20:21:06Z,,,needs_human_review
2,OSM-WAY-477015884,mecca,religiousSite,Masjid al-Amdeh,مسجد العمده,,21.481264,39.940763,https://www.openstreetmap.org/way/477015884,2026-10-08T20:21:06Z,,,needs_human_review
2,OSM-WAY-477016017,mecca,religiousSite,مسجد عكاشة بن محصن,مسجد عكاشة بن محصن,,21.477197,39.941001,https://www.openstreetmap.org/way/477016017,2026-10-08T20:21:06Z,,,needs_human_review
2,OSM-WAY-477016942,mecca,religiousSite,مسجد الوفاء,مسجد الوفاء,,21.474767,39.943089,https://www.openstreetmap.org/way/477016942,2026-10-08T20:21:06Z,,,needs_human_review
2,OSM-WAY-477018440,mecca,religiousSite,Masjid Dr. Yahya al-Wazna,مسجد الدكتور يحيى الوزنة,,21.473402,39.945912,https://www.openstreetmap.org/way/477018440,2026-10-08T20:21:06Z,,,needs_human_review
2,OSM-WAY-477018893,mecca,religiousSite,Masjid,,,21.476704,39.955105,https://www.openstreetmap.org/way/477018893,2026-10-08T20:21:06Z,,,needs_human_review
2,OSM-WAY-477019092,mecca,religiousSite,Masjid as-Salam,مسجد السلام,,21.480398,39.953027,https://www.openstreetmap.org/way/477019092,2026-10-08T20:21:06Z,,,needs_human_review
2,OSM-WAY-477019137,mecca,religiousSite,Masjid,,,21.483196,39.952329,https://www.openstreetmap.org/way/477019137,2026-10-08T20:21:06Z,,,needs_human_review
2,OSM-WAY-477019346,mecca,religiousSite,Masjid,,,21.484948,39.951301,https://www.openstreetmap.org/way/477019346,2026-10-08T20:21:06Z,,,needs_human_review
2,OSM-WAY-477020000,mecca,religiousSite,Masjid Habbab an-Nafi'a,مسجد حباب النفيعي,,21.488098,39.936645,https://www.openstreetmap.org/way/477020000,2026-10-08T20:21:06Z,,,needs_human_review
2,OSM-WAY-477020270,mecca,religiousSite,Masjid Al-Harthi,مسجد الحارثي,,21.486543,39.934061,https://www.openstreetmap.org/way/477020270,2026-10-08T20:21:06Z,,,needs_human_review
2,OSM-WAY-477021075,mecca,religiousSite,Masjid -al Maghrabi,مسجد المغربي,,21.489672,39.940435,https://www.openstreetmap.org/way/477021075,2026-10-08T20:21:06Z,,,needs_human_review
2,OSM-WAY-477021158,mecca,religiousSite,Masjid as-Saif,مسجد السيف,,21.490951,39.94177,https://www.openstreetmap.org/way/477021158,2026-10-08T20:21:06Z,,,needs_human_review
2,OSM-WAY-477021325,mecca,religiousSite,Masjid al-Hazmi,مسجد الحازمي,,21.493338,39.940307,https://www.openstreetmap.org/way/477021325,2026-10-08T20:21:06Z,,,needs_human_review
2,OSM-WAY-477021338,mecca,religiousSite,Masjid al-Firdous,مسجد الفردوس,,21.491058,39.93656,https://www.openstreetmap.org/way/477021338,2026-10-08T20:21:06Z,,,needs_human_review
2,OSM-WAY-477021537,mecca,religiousSite,Masjid al-'Amro,مسجد العمرو,,21.489196,39.933348,https://www.openstreetmap.org/way/477021537,2026-10-08T20:21:06Z,,,needs_human_review
2,OSM-WAY-477021605,mecca,religiousSite,Masjid al-Norin,مسجد ذي النورين,,21.489409,39.930228,https://www.openstreetmap.org/way/477021605,2026-10-08T20:21:06Z,,,needs_human_review
2,OSM-WAY-477021707,mecca,religiousSite,Masjid Nasser ar-Ruways,مسجد ناصر الرويس,,21.487305,39.930528,https://www.openstreetmap.org/way/477021707,2026-10-08T20:21:06Z,,,needs_human_review
2,OSM-WAY-477021917,mecca,religiousSite,Masjid al-Muaither,مسجد المعيذر,,21.49165,39.939318,https://www.openstreetmap.org/way/477021917,2026-10-08T20:21:06Z,,,needs_human_review
2,OSM-WAY-477022094,mecca,religiousSite,Masjid,,,21.494852,39.938733,https://www.openstreetmap.org/way/477022094,2026-10-08T20:21:06Z,,,needs_human_review
2,OSM-WAY-477022384,mecca,religiousSite,Masjid,,,21.493257,39.943827,https://www.openstreetmap.org/way/477022384,2026-10-08T20:21:06Z,,,needs_human_review
2,OSM-WAY-491734126,mecca,religiousSite,Masjid,,,21.428434,39.856668,https://www.openstreetmap.org/way/491734126,2026-10-08T20:21:06Z,,,needs_human_review
2,OSM-WAY-491737574,mecca,religiousSite,Masjid al-Karam,مسجد الكرم,,21.446942,39.85955,https://www.openstreetmap.org/way/491737574,2026-10-08T20:21:06Z,,,needs_human_review
2,OSM-WAY-495288628,mecca,religiousSite,Masjid an-Nour,مسجد النور,,21.409601,39.82092,https://www.openstreetmap.org/way/495288628,2026-10-08T20:21:06Z,,,needs_human_review
2,OSM-WAY-495291280,mecca,religiousSite,Masjid ar-Rahman,مسجد الرحمن,,21.402064,39.815173,https://www.openstreetmap.org/way/495291280,2026-10-08T20:21:06Z,,,needs_human_review
2,OSM-WAY-520123072,mecca,religiousSite,Masjid al-Jihad,مسجد الجهاد,,21.349642,39.900901,https://www.openstreetmap.org/way/520123072,2026-10-08T20:21:06Z,,,needs_human_review
2,OSM-WAY-520123364,mecca,religiousSite,مسجد الشيخ محمد المعيذر,مسجد الشيخ محمد المعيذر,,21.350195,39.896665,https://www.openstreetmap.org/way/520123364,2026-10-08T20:21:06Z,,,needs_human_review
2,OSM-WAY-520123519,mecca,religiousSite,Masjid,,,21.353378,39.886503,https://www.openstreetmap.org/way/520123519,2026-10-08T20:21:06Z,,,needs_human_review
2,OSM-WAY-520131222,mecca,religiousSite,Masjid,,,21.365397,39.883014,https://www.openstreetmap.org/way/520131222,2026-10-08T20:21:06Z,,,needs_human_review
2,OSM-WAY-520131524,mecca,religiousSite,Masjid,,,21.364358,39.892095,https://www.openstreetmap.org/way/520131524,2026-10-08T20:21:06Z,,,needs_human_review
2,OSM-WAY-520976911,mecca,religiousSite,Masjid al-Mufti,مسجد المفتي,,21.394085,39.894415,https://www.openstreetmap.org/way/520976911,2026-10-08T20:21:06Z,,,needs_human_review
2,OSM-WAY-520976977,mecca,religiousSite,Masjid,,,21.395426,39.894753,https://www.openstreetmap.org/way/520976977,2026-10-08T20:21:06Z,,,needs_human_review
2,OSM-WAY-520977620,mecca,religiousSite,Masjid Prince Sultan bin Abdulaziz Al Saud,الأمير سلطان بن عبدالعزيز,,21.392521,39.890312,https://www.openstreetmap.org/way/520977620,2026-10-08T20:21:06Z,,,needs_human_review
2,OSM-WAY-520980918,mecca,religiousSite,Masjid al-Hisaan,مسجد الحصان,,21.384308,39.870983,https://www.openstreetmap.org/way/520980918,2026-10-08T20:21:06Z,,,needs_human_review
2,OSM-WAY-521017784,mecca,religiousSite,Masjid al-Ghazawi,مسجد الغزاوي,,21.431391,39.806111,https://www.openstreetmap.org/way/521017784,2026-10-08T20:21:06Z,,,needs_human_review
2,OSM-WAY-521035035,mecca,religiousSite,Masjid,,,21.43896,39.833324,https://www.openstreetmap.org/way/521035035,2026-10-08T20:21:06Z,,,needs_human_review
2,OSM-WAY-521040392,mecca,religiousSite,Masjid Bin Shawish,مسجد بن شويش,,21.444071,39.835945,https://www.openstreetmap.org/way/521040392,2026-10-08T20:21:06Z,,,needs_human_review
2,OSM-WAY-521041683,mecca,religiousSite,Masjid as-sadh,مسجد السده,,21.443089,39.835453,https://www.openstreetmap.org/way/521041683,2026-10-08T20:21:06Z,,,needs_human_review
2,OSM-WAY-521044796,mecca,religiousSite,Masjid al-asafir,مسجد الاصفير,,21.44067,39.846796,https://www.openstreetmap.org/way/521044796,2026-10-08T20:21:06Z,,,needs_human_review
2,OSM-WAY-526259713,mecca,religiousSite,Masjid Faleh al-Jabri,مسجد فالح الجابري,,21.422709,39.788096,https://www.openstreetmap.org/way/526259713,2026-10-08T20:21:06Z,,,needs_human_review
2,OSM-WAY-526882333,mecca,religiousSite,Alkaki Mosque,مسجد الكعكي,,21.431229,39.816015,https://www.openstreetmap.org/way/526882333,2026-10-08T20:21:06Z,,,needs_human_review
2,OSM-WAY-528525062,mecca,religiousSite,Masjid as-Sheick Abdullah Suleiman bin Said,مسجد الشيخ عبدالله سليمان بن سعيّد,,21.449495,39.865238,https://www.openstreetmap.org/way/528525062,2026-10-08T20:21:06Z,,,needs_human_review
2,OSM-WAY-528527414,mecca,religiousSite,Masjid al-Bawardi,مسجد البواردي,,21.446382,39.861848,https://www.openstreetmap.org/way/528527414,2026-10-08T20:21:06Z,,,needs_human_review
2,OSM-WAY-528527786,mecca,religiousSite,Masjid Zaidi,مسجد الزايدي,,21.446671,39.860327,https://www.openstreetmap.org/way/528527786,2026-10-08T20:21:06Z,,,needs_human_review
2,OSM-WAY-528755451,mecca,religiousSite,Masjid Haj ar-Rusaifa,مسجد في حي الرصيفة,,21.40793,39.789676,https://www.openstreetmap.org/way/528755451,2026-10-08T20:21:06Z,,,needs_human_review
2,OSM-WAY-528994674,mecca,religiousSite,Masjid as-Sabar,مسجد الصباغ,,21.380689,39.832501,https://www.openstreetmap.org/way/528994674,2026-10-08T20:21:06Z,,,needs_human_review
2,OSM-WAY-528994826,mecca,religiousSite,مسجد ذات النطاقين,مسجد ذات النطاقين,,21.37935,39.833977,https://www.openstreetmap.org/way/528994826,2026-10-08T20:21:06Z,,,needs_human_review
2,OSM-WAY-528995061,mecca,religiousSite,Masjid Imam Ahmad ibn Hanbal,مسجد أحمد ابن حنبل,,21.37516,39.834253,https://www.openstreetmap.org/way/528995061,2026-10-08T20:21:06Z,,,needs_human_review
2,OSM-WAY-528996333,mecca,religiousSite,Masjid Noora Bint Abdullah al Askari,Masjid Noora Bint Abdullah al Askari,,21.374045,39.838546,https://www.openstreetmap.org/way/528996333,2026-10-08T20:21:06Z,,,needs_human_review
2,OSM-WAY-529062246,mecca,religiousSite,Masjid Fahd bin Muammar,مسجد فهد بن معمر,,21.355377,39.821678,https://www.openstreetmap.org/way/529062246,2026-10-08T20:21:06Z,,,needs_human_review
2,OSM-WAY-531696654,mecca,religiousSite,Masjid,,,21.483876,39.974911,https://www.openstreetmap.org/way/531696654,2026-10-08T20:21:06Z,,,needs_human_review
2,OSM-WAY-531698045,mecca,religiousSite,Masjid as-Sudais,مسجد السديس,,21.487509,39.950023,https://www.openstreetmap.org/way/531698045,2026-10-08T20:21:06Z,,,needs_human_review
2,OSM-WAY-531700973,mecca,religiousSite,Masjid,,,21.490643,39.966386,https://www.openstreetmap.org/way/531700973,2026-10-08T20:21:06Z,,,needs_human_review
2,OSM-WAY-531701488,mecca,religiousSite,Masjid Qubbah,مسجد القبة,,21.500457,39.961902,https://www.openstreetmap.org/way/531701488,2026-10-08T20:21:06Z,,,needs_human_review
2,OSM-WAY-531702418,mecca,religiousSite,Masjid,,,21.503356,39.962465,https://www.openstreetmap.org/way/531702418,2026-10-08T20:21:06Z,,,needs_human_review
2,OSM-WAY-531702602,mecca,religiousSite,Masjid,,,21.503312,39.95733,https://www.openstreetmap.org/way/531702602,2026-10-08T20:21:06Z,,,needs_human_review
2,OSM-WAY-531704387,mecca,religiousSite,Masjid al-Arifi,مسجد العريفي,,21.477646,39.916977,https://www.openstreetmap.org/way/531704387,2026-10-08T20:21:06Z,,,needs_human_review
2,OSM-WAY-531708471,mecca,religiousSite,Masjid Sheikh Mas'ad bin Mastour al-lehyani,جامع الشيخ مسعد بن مستور اللحياني,,21.459053,39.906274,https://www.openstreetmap.org/way/531708471,2026-10-08T20:21:06Z,,,needs_human_review
2,OSM-WAY-531708830,mecca,religiousSite,Masjid Abdullah al-Arifi,جامع عبد الله العريفي,,21.460061,39.906717,https://www.openstreetmap.org/way/531708830,2026-10-08T20:21:06Z,,,needs_human_review
2,OSM-WAY-531709432,mecca,religiousSite,Masjid as-Sheik Abdullah bin Sarhan,Masjid as-Sheik Abdullah bin Sarhan,,21.461014,39.884692,https://www.openstreetmap.org/way/531709432,2026-10-08T20:21:06Z,,,needs_human_review
2,OSM-WAY-531965539,mecca,religiousSite,Masjid al-Walidiin,مسجد الوالدين,,21.446322,39.967411,https://www.openstreetmap.org/way/531965539,2026-10-08T20:21:06Z,,,needs_human_review
2,OSM-WAY-531966004,mecca,religiousSite,Masjid Aweeda al - Wadhainani,مسجد عويضة الوذيناني,,21.443985,39.971041,https://www.openstreetmap.org/way/531966004,2026-10-08T20:21:06Z,,,needs_human_review
2,OSM-WAY-531966203,mecca,religiousSite,Masjid Hamid al - Qathami,مسجد حميد القثامي,,21.44927,39.970078,https://www.openstreetmap.org/way/531966203,2026-10-08T20:21:06Z,,,needs_human_review
2,OSM-WAY-531968203,mecca,religiousSite,Masjid al-Khair,مسجد الخير,,21.44802,39.962059,https://www.openstreetmap.org/way/531968203,2026-10-08T20:21:06Z,,,needs_human_review
2,OSM-WAY-531968279,mecca,religiousSite,Masjid Mansour Fakih,مسجد منصور فقيه,,21.451463,39.96156,https://www.openstreetmap.org/way/531968279,2026-10-08T20:21:06Z,,,needs_human_review
2,OSM-WAY-531968807,mecca,religiousSite,Masjid al - Hamdani,مسجد الحمداني,,21.447809,39.954227,https://www.openstreetmap.org/way/531968807,2026-10-08T20:21:06Z,,,needs_human_review
2,OSM-WAY-531969497,mecca,religiousSite,Masjid Amamah bint Abi al-Aas,مسجد أمامة بنت أبي العاص,,21.445313,39.954616,https://www.openstreetmap.org/way/531969497,2026-10-08T20:21:06Z,,,needs_human_review
2,OSM-WAY-531970959,mecca,religiousSite,Masjid Sheik Nasir al-Assaf,مسجد الشيخ ناصر العساف,,21.457191,39.93794,https://www.openstreetmap.org/way/531970959,2026-10-08T20:21:06Z,,,needs_human_review
2,OSM-WAY-531972599,mecca,religiousSite,Masjid Waladah Sheikh Abdul Rahman Al-Sudais,مسجد والدة الشيخ عبدالرحمن السديس,,21.460106,39.948378,https://www.openstreetmap.org/way/531972599,2026-10-08T20:21:06Z,,,needs_human_review
2,OSM-WAY-565858205,mecca,religiousSite,Masjid Sheikh Said al-saaedi,Masjid Sheikh Said al-saaedi,,21.460023,39.825249,https://www.openstreetmap.org/way/565858205,2026-10-08T20:21:06Z,,,needs_human_review
2,OSM-WAY-565965799,mecca,religiousSite,Masjid Othman bin Affan,مسجد عثمان بن عفان,,21.339926,39.783973,https://www.openstreetmap.org/way/565965799,2026-10-08T20:21:06Z,,,needs_human_review
2,OSM-WAY-565967706,mecca,religiousSite,Masjid Zahrani,Masjid Zahrani,,21.390001,39.699452,https://www.openstreetmap.org/way/565967706,2026-10-08T20:21:06Z,,,needs_human_review
2,OSM-WAY-566142204,mecca,religiousSite,Masjid,,,21.343383,39.754391,https://www.openstreetmap.org/way/566142204,2026-10-08T20:21:06Z,,,needs_human_review
2,OSM-WAY-566143610,mecca,religiousSite,Masjid,,,21.342557,39.728064,https://www.openstreetmap.org/way/566143610,2026-10-08T20:21:06Z,,,needs_human_review
2,OSM-WAY-566145244,mecca,religiousSite,Masjid,,,21.340842,39.694525,https://www.openstreetmap.org/way/566145244,2026-10-08T20:21:06Z,,,needs_human_review
2,OSM-WAY-566192854,mecca,religiousSite,Masjid Mazanah al-Allayan,مسجد مزنة العليان,,21.433093,39.833122,https://www.openstreetmap.org/way/566192854,2026-10-08T20:21:06Z,,,needs_human_review
2,OSM-WAY-566193277,mecca,religiousSite,Masjid,,,21.432094,39.833584,https://www.openstreetmap.org/way/566193277,2026-10-08T20:21:06Z,,,needs_human_review
2,OSM-WAY-566193943,mecca,religiousSite,Masjid,,,21.437364,39.834615,https://www.openstreetmap.org/way/566193943,2026-10-08T20:21:06Z,,,needs_human_review
2,OSM-WAY-567101500,mecca,religiousSite,Masjid Bakr al-Mahmadi,مسجد بكر المحمادي,,21.509353,39.763489,https://www.openstreetmap.org/way/567101500,2026-10-08T20:21:06Z,,,needs_human_review
2,OSM-WAY-576102579,mecca,religiousSite,Masjid Murshid al-Laqmani,مسجد مرشد اللقماني,,21.446477,39.777414,https://www.openstreetmap.org/way/576102579,2026-10-08T20:21:06Z,,,needs_human_review
2,OSM-WAY-576102988,mecca,religiousSite,Masjid al-Tawfiq,مسجد التوفيق,,21.446116,39.775649,https://www.openstreetmap.org/way/576102988,2026-10-08T20:21:06Z,,,needs_human_review
2,OSM-WAY-576103131,mecca,religiousSite,Masjid al-Tayeb,مسجد الطيب,,21.445042,39.776667,https://www.openstreetmap.org/way/576103131,2026-10-08T20:21:06Z,,,needs_human_review
2,OSM-WAY-619750881,mecca,religiousSite,Masjid Abdullah bin Rawah,مسجد عبدالله بن رواحه,,21.421198,39.857888,https://www.openstreetmap.org/way/619750881,2026-10-08T20:21:06Z,,,needs_human_review
2,OSM-WAY-619752402,mecca,religiousSite,Masjid as-Shuhada,Masjid as-Shuhada,,21.414893,39.866823,https://www.openstreetmap.org/way/619752402,2026-10-08T20:21:06Z,,,needs_human_review
2,OSM-WAY-619754353,mecca,religiousSite,الأميرة العنود بنت عبدالعزيز,الأميرة العنود بنت عبدالعزيز,,21.411072,39.869453,https://www.openstreetmap.org/way/619754353,2026-10-08T20:21:06Z,,,needs_human_review
2,OSM-WAY-619756348,mecca,religiousSite,Masjid as-Salam,السلام,,21.418525,39.857074,https://www.openstreetmap.org/way/619756348,2026-10-08T20:21:06Z,,,needs_human_review
2,OSM-WAY-643507114,mecca,religiousSite,Masjid Al-Khaimah,مسجد الخيمة,,21.434383,39.818763,https://www.openstreetmap.org/way/643507114,2026-10-08T20:21:06Z,,,needs_human_review
2,OSM-WAY-643516239,mecca,religiousSite,Masjid Talha Bukhari,مسجد طلحة البخاري,,21.426842,39.817221,https://www.openstreetmap.org/way/643516239,2026-10-08T20:21:06Z,,,needs_human_review
2,OSM-WAY-651714218,mecca,religiousSite,مسجد الطويرقي,مسجد الطويرقي,,21.347169,39.90624,https://www.openstreetmap.org/way/651714218,2026-10-08T20:21:06Z,,,needs_human_review
2,OSM-WAY-651714435,mecca,religiousSite,مسجد العريني,مسجد العريني,,21.349852,39.908087,https://www.openstreetmap.org/way/651714435,2026-10-08T20:21:06Z,,,needs_human_review
2,OSM-WAY-653794210,mecca,religiousSite,Masjid South Aziziah,مسجد العزيزية الجنوبية,,21.41664,39.853734,https://www.openstreetmap.org/way/653794210,2026-10-08T20:21:06Z,,,needs_human_review
2,OSM-WAY-654290277,mecca,religiousSite,مسجد شاهر زيني,مسجد شاهر زيني,,21.413046,39.866374,https://www.openstreetmap.org/way/654290277,2026-10-08T20:21:06Z,,,needs_human_review
2,OSM-WAY-659777749,mecca,religiousSite,العامودي,العامودي,,21.405219,39.871268,https://www.openstreetmap.org/way/659777749,2026-10-08T20:21:06Z,,,needs_human_review
2,OSM-WAY-659785148,mecca,religiousSite,Masjid Sheikh Amer al-Nahdi,الشيخ عامر النهدي,,21.398683,39.880671,https://www.openstreetmap.org/way/659785148,2026-10-08T20:21:06Z,,,needs_human_review
2,OSM-WAY-659786738,mecca,religiousSite,Masjid Abdullah Kamal,مسجد عبدالله كمال,,21.400791,39.885266,https://www.openstreetmap.org/way/659786738,2026-10-08T20:21:06Z,,,needs_human_review
2,OSM-WAY-674181179,mecca,religiousSite,Masjid al-Zaytouna,مسجد الزيتونة المبارك,,21.424215,39.795114,https://www.openstreetmap.org/way/674181179,2026-10-08T20:21:06Z,,,needs_human_review
2,OSM-WAY-674463184,mecca,religiousSite,Masjid Al Hijrah,مسجد الهجرة,,21.413997,39.823078,https://www.openstreetmap.org/way/674463184,2026-10-08T20:21:06Z,,,needs_human_review
2,OSM-WAY-675773429,mecca,religiousSite,قصر ابن سليمان,قصر ابن سليمان,,21.429868,39.816078,https://www.openstreetmap.org/way/675773429,2026-10-08T20:21:06Z,,,needs_human_review
2,OSM-WAY-677822447,mecca,religiousSite,Abdus Attar Mimani Mosque,Abdus Attar Mimani Mosque,,21.414731,39.821588,https://www.openstreetmap.org/way/677822447,2026-10-08T20:21:06Z,,,needs_human_review
2,OSM-WAY-677822448,mecca,religiousSite,Al Baqhdadi Mosque,Al Baqhdadi Mosque,,21.41236,39.820693,https://www.openstreetmap.org/way/677822448,2026-10-08T20:21:06Z,,,needs_human_review
2,OSM-WAY-678517328,mecca,religiousSite,Al Kashmiri Mosque,Al Kashmiri Mosque,,21.420647,39.830766,https://www.openstreetmap.org/way/678517328,2026-10-08T20:21:06Z,,,needs_human_review
2,OSM-WAY-678630081,mecca,religiousSite,Mu'ath Ibn Jabal Mosque,Mu'ath Ibn Jabal Mosque,,21.417581,39.831728,https://www.openstreetmap.org/way/678630081,2026-10-08T20:21:06Z,,,needs_human_review
2,OSM-WAY-678642281,mecca,religiousSite,Bir Balilah Mosque,Bir Balilah Mosque,,21.411951,39.829499,https://www.openstreetmap.org/way/678642281,2026-10-08T20:21:06Z,,,needs_human_review
2,OSM-WAY-678643801,mecca,religiousSite,Abdulaziz Jad'an Mosque,Abdulaziz Jad'an Mosque,,21.411676,39.830632,https://www.openstreetmap.org/way/678643801,2026-10-08T20:21:06Z,,,needs_human_review
2,OSM-WAY-684591907,mecca,religiousSite,Princess Shahida Mosque,مسجد الأميرة شهيدة,,21.3917,39.87933,https://www.openstreetmap.org/way/684591907,2026-10-08T20:21:06Z,,,needs_human_review
2,OSM-WAY-685513631,mecca,religiousSite,Masjid Abdali,مسجد العبدلي,,21.39686,39.806225,https://www.openstreetmap.org/way/685513631,2026-10-08T20:21:06Z,,,needs_human_review
2,OSM-WAY-691312029,mecca,religiousSite,مسجد ابوتراب,مسجد ابوتراب,,21.437364,39.82582,https://www.openstreetmap.org/way/691312029,2026-10-08T20:21:06Z,,,needs_human_review
2,OSM-WAY-756767843,mecca,religiousSite,Masjed Alemam Ahmed Bin Hanbal,Masjed Alemam Ahmed Bin Hanbal,,21.422889,39.846703,https://www.openstreetmap.org/way/756767843,2026-10-08T20:21:06Z,,,needs_human_review
2,OSM-WAY-795577050,mecca,religiousSite,Masjid al Ihsan,مسجد الإحسان,,21.433687,39.853547,https://www.openstreetmap.org/way/795577050,2026-10-08T20:21:06Z,,,needs_human_review
2,OSM-WAY-800602823,mecca,religiousSite,Al-Fahmi Mosque,مسجد الفاهمي,,21.429509,39.837865,https://www.openstreetmap.org/way/800602823,2026-10-08T20:21:06Z,,,needs_human_review
2,OSM-WAY-885686757,mecca,religiousSite,مسجد محمد السقاط,مسجد محمد السقاط,,21.38841,39.875264,https://www.openstreetmap.org/way/885686757,2026-10-08T20:21:06Z,,,needs_human_review
2,OSM-WAY-921729087,mecca,religiousSite,Suleiman's historic Palace,Suleiman's historic Palace,,21.432605,39.818079,https://www.openstreetmap.org/way/921729087,2026-10-08T20:21:06Z,,,needs_human_review
2,OSM-NODE-11107371618,medina,religiousSite,غزوة أحد,غزوة أحد,,24.504079,39.611197,https://www.openstreetmap.org/node/11107371618,2026-10-08T20:21:06Z,,,needs_human_review
2,OSM-NODE-11544164841,medina,religiousSite,البوابة الشمالية بقسم شطر الطالبات,البوابة الشمالية بقسم شطر الطالبات,,24.490683,39.549751,https://www.openstreetmap.org/node/11544164841,2026-10-08T20:21:06Z,,,needs_human_review
2,OSM-NODE-12407794803,medina,religiousSite,QUBA Mosque,مسجد قباء,,24.439597,39.617263,https://www.openstreetmap.org/node/12407794803,2026-10-08T20:21:06Z,,,needs_human_review
2,OSM-NODE-13272059529,medina,religiousSite,Battle of Al-Harra,وقعة الحرة,,24.499318,39.737152,https://www.openstreetmap.org/node/13272059529,2026-10-08T20:21:06Z,,,needs_human_review
2,OSM-NODE-13415346081,medina,religiousSite,Tomb of Prophet Muhammad PBUH,قبر النبي محمد صلى الله عليه وسلم,,24.467577,39.611447,https://www.openstreetmap.org/node/13415346081,2026-10-08T20:21:06Z,,,needs_human_review
2,OSM-NODE-3059531452,medina,religiousSite,"باب الملك فهد - 20, 21, 22","باب الملك فهد - 20, 21, 22",,24.469925,39.611156,https://www.openstreetmap.org/node/3059531452,2026-10-08T20:21:06Z,,,needs_human_review
2,OSM-NODE-3583287655,medina,religiousSite,مسجد الهداية,مسجد الهداية,,24.433881,39.632362,https://www.openstreetmap.org/node/3583287655,2026-10-08T20:21:06Z,,,needs_human_review
2,OSM-NODE-4549996005,medina,religiousSite,Masjid Al Ihsan,مسجد الإحسان,,24.424301,39.577663,https://www.openstreetmap.org/node/4549996005,2026-10-08T20:21:06Z,,,needs_human_review
2,OSM-NODE-4562352452,medina,religiousSite,Bab Qaba - 5,باب قباء - 5,,24.467755,39.60992,https://www.openstreetmap.org/node/4562352452,2026-10-08T20:21:06Z,,,needs_human_review
2,OSM-NODE-4562352453,medina,religiousSite,Mekke Kapısı,باب مكة - 37,,24.467769,39.612475,https://www.openstreetmap.org/node/4562352453,2026-10-08T20:21:06Z,,,needs_human_review
2,OSM-NODE-4562354617,medina,religiousSite,"Omar Bin Al Khattab Gates 16, 17 - Women Entrance","باب عمر بن الخطاب 16, 17 - مدخل النساء",,24.469925,39.609917,https://www.openstreetmap.org/node/4562354617,2026-10-08T20:21:06Z,,,needs_human_review
2,OSM-NODE-4562358315,medina,religiousSite,"Othman Bin Affan Gates - 24, 25, 26 - Women Entrance","باب عثمان بن عفان - 24, 25, 26 - مدخل النساء",,24.46994,39.612376,https://www.openstreetmap.org/node/4562358315,2026-10-08T20:21:06Z,,,needs_human_review
2,OSM-NODE-4562359893,medina,religiousSite,Ohud Gate - 23 - Women Entrance,باب أحد - 23 - مدخل النساء,,24.469865,39.611753,https://www.openstreetmap.org/node/4562359893,2026-10-08T20:21:06Z,,,needs_human_review
2,OSM-NODE-4562359894,medina,religiousSite,باب بدر -19,باب بدر -19,,24.469837,39.610538,https://www.openstreetmap.org/node/4562359894,2026-10-08T20:21:06Z,,,needs_human_review
2,OSM-NODE-4562361493,medina,religiousSite,"Al Aqiq Gates - 10, 11","باب العقّيق - 10, 11",,24.468896,39.609115,https://www.openstreetmap.org/node/4562361493,2026-10-08T20:21:06Z,,,needs_human_review
2,OSM-NODE-4562362787,medina,religiousSite,"King Saud Gates - 7, 8, 9","باب الملك سعود - 7, 8, 9",,24.468265,39.609152,https://www.openstreetmap.org/node/4562362787,2026-10-08T20:21:06Z,,,needs_human_review
2,OSM-NODE-4562362788,medina,religiousSite,"King Abdul Aziz Gates - 33, 34, 35","باب الملك عبدالعزيز - 33, 34, 35",,24.468276,39.613198,https://www.openstreetmap.org/node/4562362788,2026-10-08T20:21:06Z,,,needs_human_review
2,OSM-NODE-4562374597,medina,religiousSite,Entrance - As-Salam Gate - 1,مدخل – باب السلام - 1,,24.46744,39.610663,https://www.openstreetmap.org/node/4562374597,2026-10-08T20:21:06Z,,,needs_human_review
2,OSM-NODE-4562374598,medina,religiousSite,Exit - Al-Baqi Gate - 41,باب البقيع - 41,,24.467451,39.611599,https://www.openstreetmap.org/node/4562374598,2026-10-08T20:21:06Z,,,needs_human_review
2,OSM-NODE-4562377035,medina,religiousSite,"Abu Dhar Al-Ghafari Gates - 31, 32","Abu Dhar Al-Ghafari Gates - 31, 32",,24.468872,39.613205,https://www.openstreetmap.org/node/4562377035,2026-10-08T20:21:06Z,,,needs_human_review
2,OSM-NODE-4785426623,medina,religiousSite,مسجد المحطة,مسجد المحطة,,24.475497,39.55483,https://www.openstreetmap.org/node/4785426623,2026-10-08T20:21:06Z,,,needs_human_review
2,OSM-NODE-5124306217,medina,religiousSite,An-Nisa Gate - 39,باب النساء - 39,,24.46782,39.611545,https://www.openstreetmap.org/node/5124306217,2026-10-08T20:21:06Z,,,needs_human_review
2,OSM-NODE-5124318602,medina,religiousSite,Al-Jebreel Gate - 40,باب جبريل - 40,,24.46774,39.611598,https://www.openstreetmap.org/node/5124318602,2026-10-08T20:21:06Z,,,needs_human_review
2,OSM-NODE-5124338122,medina,religiousSite,Ar-Rahma Gate - 3,باب الرحمة - 3,,24.467749,39.610662,https://www.openstreetmap.org/node/5124338122,2026-10-08T20:21:06Z,,,needs_human_review
2,OSM-NODE-5124366467,medina,religiousSite,Abu Bakr as-Siddiq Gate - 2,بوابة أبو بكر الصديق - 2,,24.467568,39.610663,https://www.openstreetmap.org/node/5124366467,2026-10-08T20:21:06Z,,,needs_human_review
2,OSM-NODE-5379953121,medina,religiousSite,مسجد بدري العتيبي,مسجد بدري العتيبي,,24.491721,39.575975,https://www.openstreetmap.org/node/5379953121,2026-10-08T20:21:06Z,,,needs_human_review
2,OSM-NODE-5404931623,medina,religiousSite,مسجد السديس بالمدينة المنورة,مسجد السديس بالمدينة المنورة,,24.426959,39.652271,https://www.openstreetmap.org/node/5404931623,2026-10-08T20:21:06Z,,,needs_human_review
2,OSM-NODE-5859110900,medina,religiousSite,"Bab Ali Bin Abu Talib - 28 , 29, 30 - Women Entrance","باب علي بن أبو طالب - 28 , 29, 30 - مدخل النساء",,24.469455,39.613162,https://www.openstreetmap.org/node/5859110900,2026-10-08T20:21:06Z,,,needs_human_review
2,OSM-NODE-5859174894,medina,religiousSite,Bab Bilal - 38,باب بلال - 38,,24.467844,39.611789,https://www.openstreetmap.org/node/5859174894,2026-10-08T20:21:06Z,,,needs_human_review
2,OSM-NODE-5859327471,medina,religiousSite,"Bab Sultan Abdul Majid - 12, 13, 14 - Women Entrance","باب المجيدي - 12, 13, 14 - مدخل النساء",,24.469481,39.609162,https://www.openstreetmap.org/node/5859327471,2026-10-08T20:21:06Z,,,needs_human_review
2,OSM-NODE-5895136188,medina,religiousSite,Bab al-Hijra - 4,باب الهجرة - 4,,24.46786,39.61056,https://www.openstreetmap.org/node/5895136188,2026-10-08T20:21:06Z,,,needs_human_review
2,OSM-NODE-5895143050,medina,religiousSite,Omar Bin Al Khattab Gate 18,باب عمر بن الخطاب 18,,24.469926,39.610081,https://www.openstreetmap.org/node/5895143050,2026-10-08T20:21:06Z,,,needs_human_review
2,OSM-NODE-7012655085,medina,religiousSite,بئر أريس,بئر أريس,,24.438911,39.616532,https://www.openstreetmap.org/node/7012655085,2026-10-08T20:21:06Z,,,needs_human_review
2,OSM-NODE-7312400805,medina,religiousSite,محطة مخيط - قطار الحجاز,محطة مخيط - قطار الحجاز,,24.497565,39.469521,https://www.openstreetmap.org/node/7312400805,2026-10-08T20:21:06Z,,,needs_human_review
2,OSM-NODE-7835301685,medina,religiousSite,مسجد المسند,مسجد المسند,,24.483003,39.580009,https://www.openstreetmap.org/node/7835301685,2026-10-08T20:21:06Z,,,needs_human_review
2,OSM-NODE-7887405033,medina,religiousSite,قصر سعيد بن العاص الأثري,قصر سعيد بن العاص الأثري,,24.486556,39.56775,https://www.openstreetmap.org/node/7887405033,2026-10-08T20:21:06Z,,,needs_human_review
2,OSM-NODE-7997317704,medina,religiousSite,مسجد الحكمة,مسجد الحكمة,,24.431673,39.635035,https://www.openstreetmap.org/node/7997317704,2026-10-08T20:21:06Z,,,needs_human_review
2,OSM-NODE-8008041282,medina,religiousSite,مسجد الشيخ هديبان الحيسوني,مسجد الشيخ هديبان الحيسوني,,24.461794,39.644066,https://www.openstreetmap.org/node/8008041282,2026-10-08T20:21:06Z,,,needs_human_review
2,OSM-NODE-8017620196,medina,religiousSite,مسجد شيخ العمري,مسجد شيخ العمري,,24.456378,39.628232,https://www.openstreetmap.org/node/8017620196,2026-10-08T20:21:06Z,,,needs_human_review
2,OSM-NODE-8023440439,medina,religiousSite,مسجد داخل المجمع,مسجد داخل المجمع,,24.457995,39.61441,https://www.openstreetmap.org/node/8023440439,2026-10-08T20:21:06Z,,,needs_human_review
2,OSM-NODE-8025778136,medina,religiousSite,مصلى,مصلى,,24.447355,39.621296,https://www.openstreetmap.org/node/8025778136,2026-10-08T20:21:06Z,,,needs_human_review
2,OSM-NODE-8025785684,medina,religiousSite,مسجد سليمان حامد الأحمدي,مسجد سليمان حامد الأحمدي,,24.448526,39.620933,https://www.openstreetmap.org/node/8025785684,2026-10-08T20:21:06Z,,,needs_human_review
2,OSM-NODE-8033981678,medina,religiousSite,مسجد زينل - حسن مفتي,مسجد زينل - حسن مفتي,,24.449017,39.615082,https://www.openstreetmap.org/node/8033981678,2026-10-08T20:21:06Z,,,needs_human_review
2,OSM-WAY-1178263720,medina,religiousSite,بنی انیف,بنی انیف,,24.435741,39.615474,https://www.openstreetmap.org/way/1178263720,2026-10-08T20:21:06Z,,,needs_human_review
2,OSM-WAY-1256911691,medina,religiousSite,مسجد المبعوث,مسجد المبعوث,,24.464593,39.658849,https://www.openstreetmap.org/way/1256911691,2026-10-08T20:21:06Z,,,needs_human_review
2,OSM-WAY-1256911692,medina,religiousSite,مسجد السلام,مسجد السلام,,24.468806,39.661249,https://www.openstreetmap.org/way/1256911692,2026-10-08T20:21:06Z,,,needs_human_review
2,OSM-WAY-1256911693,medina,religiousSite,مسجد طابة,مسجد طابة,,24.467531,39.659611,https://www.openstreetmap.org/way/1256911693,2026-10-08T20:21:06Z,,,needs_human_review
2,OSM-WAY-1256911695,medina,religiousSite,مسجد الشيخ عمر فلاتة,مسجد الشيخ عمر فلاتة,,24.463498,39.654862,https://www.openstreetmap.org/way/1256911695,2026-10-08T20:21:06Z,,,needs_human_review
2,OSM-WAY-1359982006,medina,religiousSite,مسجد حمراء الأسد م2,مسجد حمراء الأسد م2,,24.377085,39.513256,https://www.openstreetmap.org/way/1359982006,2026-10-08T20:21:06Z,,,needs_human_review
2,OSM-WAY-1359982014,medina,religiousSite,جامع عبداللطيف القرافي,جامع عبداللطيف القرافي,,24.363742,39.511335,https://www.openstreetmap.org/way/1359982014,2026-10-08T20:21:06Z,,,needs_human_review
2,OSM-WAY-1359982015,medina,religiousSite,جامع التقوى,جامع التقوى,,24.378224,39.525011,https://www.openstreetmap.org/way/1359982015,2026-10-08T20:21:06Z,,,needs_human_review
2,OSM-WAY-1359982016,medina,religiousSite,جامع هزاع عيضة الصاعدي,جامع هزاع عيضة الصاعدي,,24.385443,39.520859,https://www.openstreetmap.org/way/1359982016,2026-10-08T20:21:06Z,,,needs_human_review
2,OSM-WAY-1387572507,medina,religiousSite,مصلى السائقين,مصلى السائقين,,24.344588,39.556004,https://www.openstreetmap.org/way/1387572507,2026-10-08T20:21:06Z,,,needs_human_review
2,OSM-WAY-1387573006,medina,religiousSite,مصلى سائقين,مصلى سائقين,,24.340479,39.557163,https://www.openstreetmap.org/way/1387573006,2026-10-08T20:21:06Z,,,needs_human_review
2,OSM-WAY-1493003876,medina,religiousSite,مسجد الفسح التاريخي,مسجد الفسح التاريخي,,24.509989,39.61285,https://www.openstreetmap.org/way/1493003876,2026-10-08T20:21:06Z,,,needs_human_review
2,OSM-WAY-1533255975,medina,religiousSite,Masjid Al Barakah,مسجد البراك,,24.475945,39.572842,https://www.openstreetmap.org/way/1533255975,2026-10-08T20:21:06Z,,,needs_human_review
2,OSM-WAY-1536783055,medina,religiousSite,Ali Bin Abi Talib Mosque,مسجد علي بن أبي طالب,,24.475673,39.595521,https://www.openstreetmap.org/way/1536783055,2026-10-08T20:21:06Z,,,needs_human_review
2,OSM-WAY-1536783056,medina,religiousSite,Fatima Al-Zahraa Mosque,مسجد السيدة فاطمة الزهراء,,24.475803,39.594998,https://www.openstreetmap.org/way/1536783056,2026-10-08T20:21:06Z,,,needs_human_review
2,OSM-WAY-1536783058,medina,religiousSite,مسجد الخليفة ابي بكر الصديق,مسجد الخليفة ابي بكر الصديق,,24.476947,39.594963,https://www.openstreetmap.org/way/1536783058,2026-10-08T20:21:06Z,,,needs_human_review
2,OSM-WAY-1536783059,medina,religiousSite,Salman Al Farsi Mosque,مسجد سلمان الفارسي,,24.477465,39.595595,https://www.openstreetmap.org/way/1536783059,2026-10-08T20:21:06Z,,,needs_human_review
2,OSM-WAY-1536783060,medina,religiousSite,Al Fath Mosque,مسجد الفتح,,24.477846,39.595669,https://www.openstreetmap.org/way/1536783060,2026-10-08T20:21:06Z,,,needs_human_review
2,OSM-WAY-1536783061,medina,religiousSite,Al-Rayah Mosque,مسجد الراية,,24.480366,39.603454,https://www.openstreetmap.org/way/1536783061,2026-10-08T20:21:06Z,,,needs_human_review
2,OSM-WAY-1536792397,medina,religiousSite,Omar Bin Al-Khattab Mosque,مسجد عمر بن الخطاب,,24.476487,39.595198,https://www.openstreetmap.org/way/1536792397,2026-10-08T20:21:06Z,,,needs_human_review
2,OSM-WAY-161521148,medina,religiousSite,Masjid Al Anbariya,مسجد العنبرية,,24.461599,39.601711,https://www.openstreetmap.org/way/161521148,2026-10-08T20:21:06Z,,,needs_human_review
2,OSM-WAY-161521149,medina,religiousSite,Masjid Al Suqya,مسجد السقيا,,24.460837,39.600154,https://www.openstreetmap.org/way/161521149,2026-10-08T20:21:06Z,,,needs_human_review
2,OSM-WAY-161522244,medina,religiousSite,Masjid Abu Dharr Al-Ghafari,مسجد أبي ذر الغفاري,,24.475663,39.614603,https://www.openstreetmap.org/way/161522244,2026-10-08T20:21:06Z,,,needs_human_review
2,OSM-WAY-302403744,medina,religiousSite,Sheikh Abdul Aziz ibn Abdullah ibn Baz Mosque,مسجد الشيخ عبدالعزيز بن باز,,24.481246,39.56188,https://www.openstreetmap.org/way/302403744,2026-10-08T20:21:06Z,,,needs_human_review
2,OSM-WAY-310543468,medina,religiousSite,مسجد الشيخ محمد بن إبراهيم آل الشيخ رحمه الله.,مسجد الشيخ محمد بن إبراهيم آل الشيخ رحمه الله.,,24.482039,39.555523,https://www.openstreetmap.org/way/310543468,2026-10-08T20:21:06Z,,,needs_human_review
2,OSM-WAY-312124465,medina,religiousSite,Masjid Suleiman al Nazaoui مسجد سليمان النزاوي,مسجد سليمان النزاوي,,24.483099,39.586188,https://www.openstreetmap.org/way/312124465,2026-10-08T20:21:06Z,,,needs_human_review
2,OSM-WAY-312124467,medina,religiousSite,Masjid Dar al-Hijrah,مسجد دار الهجرة,,24.476866,39.555088,https://www.openstreetmap.org/way/312124467,2026-10-08T20:21:06Z,,,needs_human_review
2,OSM-WAY-312124469,medina,religiousSite,مسجد عائش براك,مسجد عائش براك,,24.473564,39.570023,https://www.openstreetmap.org/way/312124469,2026-10-08T20:21:06Z,,,needs_human_review
2,OSM-WAY-346500332,medina,religiousSite,El-İcabet Mescidi,مسجد الإجابة,,24.47195,39.618422,https://www.openstreetmap.org/way/346500332,2026-10-08T20:21:06Z,,,needs_human_review
2,OSM-WAY-347233387,medina,religiousSite,قصور عروة في المدينة المنورة,قصور عروة في المدينة المنورة,,24.449843,39.581768,https://www.openstreetmap.org/way/347233387,2026-10-08T20:21:06Z,,,needs_human_review
2,OSM-WAY-349022846,medina,religiousSite,Masjid Walidah Abdul Rahman Ar Rubaiaan,مسجد والدة عبدالرحمن الربيعان,,24.44591,39.599497,https://www.openstreetmap.org/way/349022846,2026-10-08T20:21:06Z,,,needs_human_review
2,OSM-WAY-351428848,medina,religiousSite,Masjid Al Minartayn,مسجد المنارتين,,24.45544,39.593391,https://www.openstreetmap.org/way/351428848,2026-10-08T20:21:06Z,,,needs_human_review
2,OSM-WAY-351428859,medina,religiousSite,Masjid Munira Bint Saleh al-Frayyan,مسجد منيرة بنت صالح الفريان,,24.461698,39.58302,https://www.openstreetmap.org/way/351428859,2026-10-08T20:21:06Z,,,needs_human_review
2,OSM-WAY-352753951,medina,religiousSite,Uthman,Uthman,,24.467558,39.616512,https://www.openstreetmap.org/way/352753951,2026-10-08T20:21:06Z,,,needs_human_review
2,OSM-WAY-352785917,medina,religiousSite,Masjid Prince Abdul Majeed,مسجد الأمير عبدالمجيد,,24.487658,39.569032,https://www.openstreetmap.org/way/352785917,2026-10-08T20:21:06Z,,,needs_human_review
2,OSM-WAY-357343712,medina,religiousSite,Masjid Al Jaboli,مسجد الجبولي,,24.46717,39.543666,https://www.openstreetmap.org/way/357343712,2026-10-08T20:21:06Z,,,needs_human_review
2,OSM-WAY-357343716,medina,religiousSite,Masjid Mohamed Al-Dakhil Al-shayeh,مسجد محمد الدخيل الشايع,,24.466985,39.563579,https://www.openstreetmap.org/way/357343716,2026-10-08T20:21:06Z,,,needs_human_review
2,OSM-WAY-357668755,medina,religiousSite,King Abdul Aziz bin Abdul Rahman Al Saud Mosque,مسجد الملك عبد العزيز بن عبد الرحمن آل سعود,,24.457848,39.534699,https://www.openstreetmap.org/way/357668755,2026-10-08T20:21:06Z,,,needs_human_review
2,OSM-WAY-357668822,medina,religiousSite,Masjid Qartaly,مسجد قرطلي,,24.459381,39.537409,https://www.openstreetmap.org/way/357668822,2026-10-08T20:21:06Z,,,needs_human_review
2,OSM-WAY-369055309,medina,religiousSite,Gamame Camii,مسجد الغمامة,,24.465824,39.606921,https://www.openstreetmap.org/way/369055309,2026-10-08T20:21:06Z,,,needs_human_review
2,OSM-WAY-369055316,medina,religiousSite,Masjid Zu Al-Nourain,مسجد ذو النورين,,24.463608,39.609478,https://www.openstreetmap.org/way/369055316,2026-10-08T20:21:06Z,,,needs_human_review
2,OSM-WAY-369085848,medina,religiousSite,Masjid Abu Bakr as Siddiq,مسجد أبو بكر الصديق,,24.466181,39.606341,https://www.openstreetmap.org/way/369085848,2026-10-08T20:21:06Z,,,needs_human_review
2,OSM-WAY-379815461,medina,religiousSite,Masjid Al Bukhari,مسجد البخاري,,24.453996,39.661665,https://www.openstreetmap.org/way/379815461,2026-10-08T20:21:06Z,,,needs_human_review
2,OSM-WAY-444235531,medina,religiousSite,Masjid Ali ibn Abi Talib,مسجد علي بن أبي طالب,,24.467001,39.606332,https://www.openstreetmap.org/way/444235531,2026-10-08T20:21:06Z,,,needs_human_review
2,OSM-WAY-444240031,medina,religiousSite,Masjid Sayed Al Shuhada,مسجد سيد الشهداء,,24.503561,39.612675,https://www.openstreetmap.org/way/444240031,2026-10-08T20:21:06Z,,,needs_human_review
2,OSM-WAY-456361104,medina,religiousSite,Masjid ash-Shajarah,مسجد الشجرة,,24.413711,39.542915,https://www.openstreetmap.org/way/456361104,2026-10-08T20:21:06Z,,,needs_human_review
2,OSM-WAY-457205318,medina,religiousSite,Masjid Al Khalil,مسجد الخليل,,24.462039,39.622081,https://www.openstreetmap.org/way/457205318,2026-10-08T20:21:06Z,,,needs_human_review
2,OSM-WAY-457206795,medina,religiousSite,Masjid Al Malha,مسجد المالحة,,24.459613,39.604412,https://www.openstreetmap.org/way/457206795,2026-10-08T20:21:06Z,,,needs_human_review
2,OSM-WAY-457207167,medina,religiousSite,Masjid Mughaisilah,Masjid Mughaisilah,,24.458752,39.604658,https://www.openstreetmap.org/way/457207167,2026-10-08T20:21:06Z,,,needs_human_review
2,OSM-WAY-457208725,medina,religiousSite,Masjid Al Harasani,مسجد الهرساني,,24.453249,39.602491,https://www.openstreetmap.org/way/457208725,2026-10-08T20:21:06Z,,,needs_human_review
2,OSM-WAY-457209330,medina,religiousSite,Masjid Al Kuwait,مسجد الكويتي,,24.457482,39.607601,https://www.openstreetmap.org/way/457209330,2026-10-08T20:21:06Z,,,needs_human_review
2,OSM-WAY-457209534,medina,religiousSite,Masjid Al Komkomgi,جامع القمقمجي,,24.46066,39.62788,https://www.openstreetmap.org/way/457209534,2026-10-08T20:21:06Z,,,needs_human_review
2,OSM-WAY-457209653,medina,religiousSite,Masjid Al Ashki,مسجد العشقي,,24.46178,39.625052,https://www.openstreetmap.org/way/457209653,2026-10-08T20:21:06Z,,,needs_human_review
2,OSM-WAY-457210118,medina,religiousSite,Masjid Abdul Rahman bin Auf,مسجد عبدالرحمن بن عوف,,24.45813,39.62575,https://www.openstreetmap.org/way/457210118,2026-10-08T20:21:06Z,,,needs_human_review
2,OSM-WAY-457210314,medina,religiousSite,مسجد الأميرة شيخة,مسجد الأميرة شيخة,,24.453991,39.623987,https://www.openstreetmap.org/way/457210314,2026-10-08T20:21:06Z,,,needs_human_review
2,OSM-WAY-457211642,medina,religiousSite,مسجد العشقي,مسجد العشقي,,24.451718,39.61702,https://www.openstreetmap.org/way/457211642,2026-10-08T20:21:06Z,,,needs_human_review
2,OSM-WAY-457212336,medina,religiousSite,مسجد البغوي,مسجد البغوي,,24.448703,39.617709,https://www.openstreetmap.org/way/457212336,2026-10-08T20:21:06Z,,,needs_human_review
2,OSM-WAY-457212363,medina,religiousSite,مسجد السهلي,مسجد السهلي,,24.447362,39.618809,https://www.openstreetmap.org/way/457212363,2026-10-08T20:21:06Z,,,needs_human_review
2,OSM-WAY-457212681,medina,religiousSite,Al Jum'a Mosque,مسجد الجمعة,,24.445487,39.615305,https://www.openstreetmap.org/way/457212681,2026-10-08T20:21:06Z,,,needs_human_review
2,OSM-WAY-457212825,medina,religiousSite,Masjid Hassan Al Mufti,مسجد حسن المفتي,,24.451274,39.612514,https://www.openstreetmap.org/way/457212825,2026-10-08T20:21:06Z,,,needs_human_review
2,OSM-WAY-457214777,medina,religiousSite,Masjid Omar Ibn Al-Khattab,مسجد عمر بن الخطاب,,24.464402,39.606617,https://www.openstreetmap.org/way/457214777,2026-10-08T20:21:06Z,,,needs_human_review
2,OSM-WAY-457215198,medina,religiousSite,Masjid Al Nasiriyah,مسجد الناصرية,,24.45072,39.608259,https://www.openstreetmap.org/way/457215198,2026-10-08T20:21:06Z,,,needs_human_review
2,OSM-WAY-457219735,medina,religiousSite,Masjid Aylan,Masjid Aylan,,24.452625,39.609126,https://www.openstreetmap.org/way/457219735,2026-10-08T20:21:06Z,,,needs_human_review
2,OSM-WAY-457221126,medina,religiousSite,Masjid Al Farisi,مسجد الفارسي,,24.46121,39.59534,https://www.openstreetmap.org/way/457221126,2026-10-08T20:21:06Z,,,needs_human_review
2,OSM-WAY-457222786,medina,religiousSite,Masjid Assayid Abbas Ahmad Othmae Al-Basri,مسجد السيد عباس احمد عثمان البصري,,24.47123,39.593183,https://www.openstreetmap.org/way/457222786,2026-10-08T20:21:06Z,,,needs_human_review
2,OSM-WAY-457224238,medina,religiousSite,Masjid Abdul Samad,مسجد عبد الصمد,,24.470598,39.59849,https://www.openstreetmap.org/way/457224238,2026-10-08T20:21:06Z,,,needs_human_review
2,OSM-WAY-457224254,medina,religiousSite,Masjid Al Jarbou,مسجد الجربوع,,24.47062,39.596093,https://www.openstreetmap.org/way/457224254,2026-10-08T20:21:06Z,,,needs_human_review
2,OSM-WAY-457227261,medina,religiousSite,Masjid Al Radwan,مسجد الرضوان,,24.483475,39.609493,https://www.openstreetmap.org/way/457227261,2026-10-08T20:21:06Z,,,needs_human_review
2,OSM-WAY-457228251,medina,religiousSite,Masjid Al Yahya,جامع اليحيوي,,24.486127,39.602506,https://www.openstreetmap.org/way/457228251,2026-10-08T20:21:06Z,,,needs_human_review
2,OSM-WAY-457228375,medina,religiousSite,Masjid Al Madrasa,مسجد المدارس,,24.488676,39.600865,https://www.openstreetmap.org/way/457228375,2026-10-08T20:21:06Z,,,needs_human_review
2,OSM-WAY-457228605,medina,religiousSite,Masjid Alith Mulsem Al Radadi,مسجد عليثة مسلم الردادي,,24.487508,39.605404,https://www.openstreetmap.org/way/457228605,2026-10-08T20:21:06Z,,,needs_human_review
2,OSM-WAY-457228838,medina,religiousSite,Masjid Ali Chatabi,مسجد علي الحطابي,,24.488076,39.605369,https://www.openstreetmap.org/way/457228838,2026-10-08T20:21:06Z,,,needs_human_review
2,OSM-WAY-457229137,medina,religiousSite,Masjid Al Furqan,مسجد الفرقان,,24.489713,39.604341,https://www.openstreetmap.org/way/457229137,2026-10-08T20:21:06Z,,,needs_human_review
2,OSM-WAY-457229560,medina,religiousSite,Masjid Ghorabi,مسجد الغرابي,,24.492542,39.605964,https://www.openstreetmap.org/way/457229560,2026-10-08T20:21:06Z,,,needs_human_review
2,OSM-WAY-457229697,medina,religiousSite,مسجد محمد بالقائد,مسجد محمد بالقائد,,24.494783,39.607047,https://www.openstreetmap.org/way/457229697,2026-10-08T20:21:06Z,,,needs_human_review
2,OSM-WAY-457230098,medina,religiousSite,Masjid Al Dira,مسجد الدرع,,24.489433,39.60883,https://www.openstreetmap.org/way/457230098,2026-10-08T20:21:06Z,,,needs_human_review
2,OSM-WAY-457230180,medina,religiousSite,Masjid Ibrahim Ali,مسجد ابراهيم العلي,,24.488555,39.612267,https://www.openstreetmap.org/way/457230180,2026-10-08T20:21:06Z,,,needs_human_review
2,OSM-WAY-457231415,medina,religiousSite,Masjid As Saeaty,مسجد الساعاتي,,24.483458,39.623115,https://www.openstreetmap.org/way/457231415,2026-10-08T20:21:06Z,,,needs_human_review
2,OSM-WAY-457231673,medina,religiousSite,Masjid Al Ajlan,مسجد العجلان,,24.48076,39.621988,https://www.openstreetmap.org/way/457231673,2026-10-08T20:21:06Z,,,needs_human_review
2,OSM-WAY-457231946,medina,religiousSite,Masjid Sharif Al Aitani,مسجد شريف العيتاني,,24.481729,39.618978,https://www.openstreetmap.org/way/457231946,2026-10-08T20:21:06Z,,,needs_human_review
2,OSM-WAY-457279842,medina,religiousSite,Masjid Chilwan,مسجد شلوان,,24.473222,39.626562,https://www.openstreetmap.org/way/457279842,2026-10-08T20:21:06Z,,,needs_human_review
2,OSM-WAY-457283675,medina,religiousSite,Masjid Ahmad ibn Hanbal,مسجد أحمد بن حنبل,,24.468199,39.634424,https://www.openstreetmap.org/way/457283675,2026-10-08T20:21:06Z,,,needs_human_review
2,OSM-WAY-457283880,medina,religiousSite,Masjid Ihsan,مسجد الإحسان,,24.463065,39.636527,https://www.openstreetmap.org/way/457283880,2026-10-08T20:21:06Z,,,needs_human_review
2,OSM-WAY-457284060,medina,religiousSite,Masjid Al-Sudairy,مسجد السديري,,24.462818,39.633029,https://www.openstreetmap.org/way/457284060,2026-10-08T20:21:06Z,,,needs_human_review
2,OSM-WAY-457284627,medina,religiousSite,Masjid Al-Bali,مسجد ال بالي,,24.454554,39.631349,https://www.openstreetmap.org/way/457284627,2026-10-08T20:21:06Z,,,needs_human_review
2,OSM-WAY-457285052,medina,religiousSite,Masjid Naffa Shali Omari,مسجد نفاع شالي العمري,,24.451647,39.640928,https://www.openstreetmap.org/way/457285052,2026-10-08T20:21:06Z,,,needs_human_review
2,OSM-WAY-457285067,medina,religiousSite,مسجد حسين بربري,مسجد حسين بربري,,24.447221,39.643073,https://www.openstreetmap.org/way/457285067,2026-10-08T20:21:06Z,,,needs_human_review
2,OSM-WAY-457285108,medina,religiousSite,مسجد مدنية كابلي,مسجد مدنية كابلي,,24.447534,39.640512,https://www.openstreetmap.org/way/457285108,2026-10-08T20:21:06Z,,,needs_human_review
2,OSM-WAY-457285280,medina,religiousSite,Masjid Al Taawin,مسجد التعاون,,24.456531,39.639502,https://www.openstreetmap.org/way/457285280,2026-10-08T20:21:06Z,,,needs_human_review
2,OSM-WAY-457285767,medina,religiousSite,Masjid Sheikh Abdullatif bin Ibrahim Al-Abdullatif,مسجد الشيخ عبداللطيف بن ابراهيم آل عبداللطيف,,24.460953,39.638355,https://www.openstreetmap.org/way/457285767,2026-10-08T20:21:06Z,,,needs_human_review
2,OSM-WAY-457287677,medina,religiousSite,Masjid King Fahad,Masjid King Fahad,,24.508657,39.546074,https://www.openstreetmap.org/way/457287677,2026-10-08T20:21:06Z,,,needs_human_review
2,OSM-WAY-457289131,medina,religiousSite,Masjid King Fahd Hospital,مسجد مستشفي الملك فهد,,24.496523,39.560556,https://www.openstreetmap.org/way/457289131,2026-10-08T20:21:06Z,,,needs_human_review
2,OSM-WAY-457298342,medina,religiousSite,Masjid bafeel al-amody,Masjid مسجد بافيل العمودي,,24.481806,39.573845,https://www.openstreetmap.org/way/457298342,2026-10-08T20:21:06Z,,,needs_human_review
2,OSM-WAY-457300731,medina,religiousSite,Masjid Qadus Salam,مسجد القدوس السلام,,24.473069,39.552841,https://www.openstreetmap.org/way/457300731,2026-10-08T20:21:06Z,,,needs_human_review
2,OSM-WAY-457300985,medina,religiousSite,مسجد المحتسب,مسجد المحتسب,,24.471984,39.556608,https://www.openstreetmap.org/way/457300985,2026-10-08T20:21:06Z,,,needs_human_review
2,OSM-WAY-457306514,medina,religiousSite,Masjid Styahi,مسجد سطيحي,,24.505473,39.613606,https://www.openstreetmap.org/way/457306514,2026-10-08T20:21:06Z,,,needs_human_review
2,OSM-WAY-457470976,medina,religiousSite,Miqat Dhul Hulaifah,ميقات ذي الحليفة,,24.413985,39.542748,https://www.openstreetmap.org/way/457470976,2026-10-08T20:21:06Z,,,needs_human_review
2,OSM-WAY-458125948,medina,religiousSite,Uhud Savaş Alanı,Uhud Battle Site,,24.503254,39.611693,https://www.openstreetmap.org/way/458125948,2026-10-08T20:21:06Z,,,needs_human_review
2,OSM-WAY-458586917,medina,religiousSite,مسجد بن رفيع,مسجد بن رفيع,,24.411527,39.545972,https://www.openstreetmap.org/way/458586917,2026-10-08T20:21:06Z,,,needs_human_review
2,OSM-WAY-458914682,medina,religiousSite,Masjid Al Furqan,مسجد الفرقان,,24.441245,39.637418,https://www.openstreetmap.org/way/458914682,2026-10-08T20:21:06Z,,,needs_human_review
2,OSM-WAY-458981232,medina,religiousSite,Masjid Hussain Hashim,مسجد حسين بن هاشم,,24.480401,39.597027,https://www.openstreetmap.org/way/458981232,2026-10-08T20:21:06Z,,,needs_human_review
2,OSM-WAY-459082179,medina,religiousSite,مسجد شلوة اللقماني,مسجد شلوة اللقماني,,24.409179,39.539159,https://www.openstreetmap.org/way/459082179,2026-10-08T20:21:06Z,,,needs_human_review
2,OSM-WAY-459082281,medina,religiousSite,Masjid Um Abdullah,مسجد ام عبدالله,,24.41503,39.561409,https://www.openstreetmap.org/way/459082281,2026-10-08T20:21:06Z,,,needs_human_review
2,OSM-WAY-459082318,medina,religiousSite,Masjid Jafar Sabieh,مسجد جعفر سبيه,,24.429868,39.567126,https://www.openstreetmap.org/way/459082318,2026-10-08T20:21:06Z,,,needs_human_review
2,OSM-WAY-459082539,medina,religiousSite,Masjid Al Srani,مسجد السراني,,24.42791,39.57423,https://www.openstreetmap.org/way/459082539,2026-10-08T20:21:06Z,,,needs_human_review
2,OSM-WAY-459082727,medina,religiousSite,Masjid Saleh Zughaibi,مسجد صالح الزغيبي,,24.420381,39.573396,https://www.openstreetmap.org/way/459082727,2026-10-08T20:21:06Z,,,needs_human_review
2,OSM-WAY-459083057,medina,religiousSite,Masjid Faraj Al-Saedi,مسجد فراج الصاعدي,,24.42345,39.570418,https://www.openstreetmap.org/way/459083057,2026-10-08T20:21:06Z,,,needs_human_review
2,OSM-WAY-459083307,medina,religiousSite,Masjid Al Ansar,مسجد الانصار,,24.425161,39.581718,https://www.openstreetmap.org/way/459083307,2026-10-08T20:21:06Z,,,needs_human_review
2,OSM-WAY-459083525,medina,religiousSite,Masjid Al Ansar,مسجد الانصار,,24.426541,39.58827,https://www.openstreetmap.org/way/459083525,2026-10-08T20:21:06Z,,,needs_human_review
2,OSM-WAY-459658290,medina,religiousSite,Masjid Madinah Airport,مسجد مطار المدينة,,24.554421,39.71651,https://www.openstreetmap.org/way/459658290,2026-10-08T20:21:06Z,,,needs_human_review
2,OSM-WAY-460381285,medina,religiousSite,Masjid Al Iman,مسجد الإيمان,,24.471156,39.626229,https://www.openstreetmap.org/way/460381285,2026-10-08T20:21:06Z,,,needs_human_review
2,OSM-WAY-460382754,medina,religiousSite,Masjid Al-Harithi,مسجد الحارثي,,24.475819,39.627669,https://www.openstreetmap.org/way/460382754,2026-10-08T20:21:06Z,,,needs_human_review
2,OSM-WAY-460383206,medina,religiousSite,Masjid Al Kuwaiti,مسجد الكويتي,,24.476953,39.626133,https://www.openstreetmap.org/way/460383206,2026-10-08T20:21:06Z,,,needs_human_review
2,OSM-WAY-460383661,medina,religiousSite,Masjid Al Zughaibi,مسجد الزغيبي,,24.478177,39.628757,https://www.openstreetmap.org/way/460383661,2026-10-08T20:21:06Z,,,needs_human_review
2,OSM-WAY-460383846,medina,religiousSite,Masjid Al-Hassawi,مسجد الحساوي,,24.477307,39.624287,https://www.openstreetmap.org/way/460383846,2026-10-08T20:21:06Z,,,needs_human_review
2,OSM-WAY-460384966,medina,religiousSite,Masjid Ibn Baz,Masjid Ibn Baz,,24.480424,39.634134,https://www.openstreetmap.org/way/460384966,2026-10-08T20:21:06Z,,,needs_human_review
2,OSM-WAY-460385041,medina,religiousSite,Masjid Al Zahem,مسجد الزاحم,,24.483309,39.64014,https://www.openstreetmap.org/way/460385041,2026-10-08T20:21:06Z,,,needs_human_review
2,OSM-WAY-460385813,medina,religiousSite,Masjid Muhammad bin Yahya Al Juhaimi,مسجد محمد بن يحيى الجهيمي,,24.48406,39.643067,https://www.openstreetmap.org/way/460385813,2026-10-08T20:21:06Z,,,needs_human_review
2,OSM-WAY-460386137,medina,religiousSite,مسجد الجربوع,مسجد الجربوع,,24.484075,39.618484,https://www.openstreetmap.org/way/460386137,2026-10-08T20:21:06Z,,,needs_human_review
2,OSM-WAY-460386216,medina,religiousSite,Masjid Al Laos,مسجد الأوس,,24.484973,39.621614,https://www.openstreetmap.org/way/460386216,2026-10-08T20:21:06Z,,,needs_human_review
2,OSM-WAY-460386543,medina,religiousSite,Masjid Al Mastrah,مسجد المستراح,,24.491866,39.609722,https://www.openstreetmap.org/way/460386543,2026-10-08T20:21:06Z,,,needs_human_review
2,OSM-WAY-460386642,medina,religiousSite,Masjid Al Awaji,مسجد العواجي,,24.488163,39.609967,https://www.openstreetmap.org/way/460386642,2026-10-08T20:21:06Z,,,needs_human_review
2,OSM-WAY-460386793,medina,religiousSite,مسجد مخطط عنبرسري,مسجد مخطط عنبرسري,,24.486275,39.608755,https://www.openstreetmap.org/way/460386793,2026-10-08T20:21:06Z,,,needs_human_review
2,OSM-WAY-460386852,medina,religiousSite,مسجد التعاون,مسجد التعاون,,24.487342,39.607922,https://www.openstreetmap.org/way/460386852,2026-10-08T20:21:06Z,,,needs_human_review
2,OSM-WAY-460387240,medina,religiousSite,مسجد الخصيوي الكبير,مسجد الخصيوي الكبير,,24.487799,39.598556,https://www.openstreetmap.org/way/460387240,2026-10-08T20:21:06Z,,,needs_human_review
2,OSM-WAY-460388949,medina,religiousSite,Masjid Al Khashaqshi,مسجد الخاشقجي,,24.485118,39.594415,https://www.openstreetmap.org/way/460388949,2026-10-08T20:21:06Z,,,needs_human_review
2,OSM-WAY-460389248,medina,religiousSite,مسجد بنيان الأحمدي,مسجد بنيان الأحمدي,,24.490788,39.594367,https://www.openstreetmap.org/way/460389248,2026-10-08T20:21:06Z,,,needs_human_review
2,OSM-WAY-460390069,medina,religiousSite,Masjid Al Khair,مسجد الخير,,24.483259,39.592331,https://www.openstreetmap.org/way/460390069,2026-10-08T20:21:06Z,,,needs_human_review
2,OSM-WAY-460390320,medina,religiousSite,مسجد الامانة,مسجد الامانة,,24.481932,39.588243,https://www.openstreetmap.org/way/460390320,2026-10-08T20:21:06Z,,,needs_human_review
2,OSM-WAY-460390611,medina,religiousSite,المزيني,المزيني,,24.477528,39.588271,https://www.openstreetmap.org/way/460390611,2026-10-08T20:21:06Z,,,needs_human_review
2,OSM-WAY-460390944,medina,religiousSite,Majid Mohamed Mahmoud Al Fadil,مسجد محمد محمود الفاضل,,24.480417,39.594719,https://www.openstreetmap.org/way/460390944,2026-10-08T20:21:06Z,,,needs_human_review
2,OSM-WAY-460391543,medina,religiousSite,مسجد المهاجرين,مسجد المهاجرين,,24.481761,39.597586,https://www.openstreetmap.org/way/460391543,2026-10-08T20:21:06Z,,,needs_human_review
2,OSM-WAY-460392351,medina,religiousSite,Masjid Al Hedaya,مسجد الهداية,,24.48282,39.595339,https://www.openstreetmap.org/way/460392351,2026-10-08T20:21:06Z,,,needs_human_review
2,OSM-WAY-460414513,medina,religiousSite,Masjid Hassan ibn Thabit,مسجد حسان بن ثابت,,24.470003,39.592258,https://www.openstreetmap.org/way/460414513,2026-10-08T20:21:06Z,,,needs_human_review
2,OSM-WAY-460414748,medina,religiousSite,Masjid Al Bukhari,مسجد البخاري,,24.471144,39.590616,https://www.openstreetmap.org/way/460414748,2026-10-08T20:21:06Z,,,needs_human_review
2,OSM-WAY-460414804,medina,religiousSite,Masjid Ben Musnad,مسجد بن مسند,,24.472425,39.590184,https://www.openstreetmap.org/way/460414804,2026-10-08T20:21:06Z,,,needs_human_review
2,OSM-WAY-460414996,medina,religiousSite,Masjid Hussein Al-Muzaini,مسجد حسين المزيني,,24.471615,39.588616,https://www.openstreetmap.org/way/460414996,2026-10-08T20:21:06Z,,,needs_human_review
2,OSM-WAY-460415152,medina,religiousSite,Masjid Juhani Rashid,Masjid Juhani Rashid,,24.471099,39.58646,https://www.openstreetmap.org/way/460415152,2026-10-08T20:21:06Z,,,needs_human_review
2,OSM-WAY-460416095,medina,religiousSite,Masjid Al-fawzaan,مسجد الفوزان,,24.473139,39.583934,https://www.openstreetmap.org/way/460416095,2026-10-08T20:21:06Z,,,needs_human_review
2,OSM-WAY-460416149,medina,religiousSite,Masjid Al Rio,مسجد الريو,,24.474813,39.583538,https://www.openstreetmap.org/way/460416149,2026-10-08T20:21:06Z,,,needs_human_review
2,OSM-WAY-460416410,medina,religiousSite,Masjid Al Zahim,مسجد الزاحم,,24.466731,39.58578,https://www.openstreetmap.org/way/460416410,2026-10-08T20:21:06Z,,,needs_human_review
2,OSM-WAY-460417258,medina,religiousSite,Masjid Owaid bin Krimis Juhani,مسجد عويد بن قريميص الجهني,,24.469555,39.587654,https://www.openstreetmap.org/way/460417258,2026-10-08T20:21:06Z,,,needs_human_review
2,OSM-WAY-460417542,medina,religiousSite,Masjid Awad Sweileh,مسجد عواد صويلح,,24.464779,39.586133,https://www.openstreetmap.org/way/460417542,2026-10-08T20:21:06Z,,,needs_human_review
2,OSM-WAY-460417873,medina,religiousSite,Masjid As Sifrain,مسجد الاصيفرين,,24.461662,39.5931,https://www.openstreetmap.org/way/460417873,2026-10-08T20:21:06Z,,,needs_human_review
2,OSM-WAY-460418494,medina,religiousSite,Masjid Radoho Bashir,مسجد رده بشير,,24.45941,39.596347,https://www.openstreetmap.org/way/460418494,2026-10-08T20:21:06Z,,,needs_human_review
2,OSM-WAY-460418600,medina,religiousSite,Masjid Rashid Ateeq,مسجد راشد عاتق,,24.461191,39.598075,https://www.openstreetmap.org/way/460418600,2026-10-08T20:21:06Z,,,needs_human_review
2,OSM-WAY-460419215,medina,religiousSite,Masjid As Suqya,التقوى,,24.465597,39.59709,https://www.openstreetmap.org/way/460419215,2026-10-08T20:21:06Z,,,needs_human_review
2,OSM-WAY-460419588,medina,religiousSite,مسجد المغسلة,مسجد المغسلة,,24.456233,39.603348,https://www.openstreetmap.org/way/460419588,2026-10-08T20:21:06Z,,,needs_human_review
2,OSM-WAY-460419824,medina,religiousSite,Masjid Abbas Al Khaybari,مسجد عباس الخيبري,,24.455408,39.605331,https://www.openstreetmap.org/way/460419824,2026-10-08T20:21:06Z,,,needs_human_review
2,OSM-WAY-460419952,medina,religiousSite,Masjid Al-Amin Al-Shanqeeti,مسجد الامين الشنقيطي,,24.453976,39.606392,https://www.openstreetmap.org/way/460419952,2026-10-08T20:21:06Z,,,needs_human_review
2,OSM-WAY-460420009,medina,religiousSite,Masjid Awad Bin Nasser Al Harbi,مسجد عوض بن ناشر الحربي,,24.453766,39.605633,https://www.openstreetmap.org/way/460420009,2026-10-08T20:21:06Z,,,needs_human_review
2,OSM-WAY-460424286,medina,religiousSite,Masjid Naif Al Roithi,مسجد نايف الرويثي,,24.46621,39.641832,https://www.openstreetmap.org/way/460424286,2026-10-08T20:21:06Z,,,needs_human_review
2,OSM-WAY-460424287,medina,religiousSite,Masjid As Zaham,مسجد الزاحم,,24.463978,39.644748,https://www.openstreetmap.org/way/460424287,2026-10-08T20:21:06Z,,,needs_human_review
2,OSM-WAY-460424374,medina,religiousSite,Masjid Al Omari,مسجد العمري,,24.463934,39.646362,https://www.openstreetmap.org/way/460424374,2026-10-08T20:21:06Z,,,needs_human_review
2,OSM-WAY-460424537,medina,religiousSite,Masjid Al Marghlani,مسجد المرغلاني,,24.469109,39.648464,https://www.openstreetmap.org/way/460424537,2026-10-08T20:21:06Z,,,needs_human_review
2,OSM-WAY-460424587,medina,religiousSite,Masjid Al Hachimia,مسجد الهاشمية,,24.468995,39.654847,https://www.openstreetmap.org/way/460424587,2026-10-08T20:21:06Z,,,needs_human_review
2,OSM-WAY-460424627,medina,religiousSite,Masjid Al-Rayan,مسجد الريان,,24.470135,39.656743,https://www.openstreetmap.org/way/460424627,2026-10-08T20:21:06Z,,,needs_human_review
2,OSM-WAY-460424737,medina,religiousSite,muhammad al siqat mosque,مسجد محمد عربي السقاط,,24.465521,39.66175,https://www.openstreetmap.org/way/460424737,2026-10-08T20:21:06Z,,,needs_human_review
2,OSM-WAY-460424943,medina,religiousSite,Masjid Ar Rubaiaan,مسجد الربيعان,,24.455263,39.657591,https://www.openstreetmap.org/way/460424943,2026-10-08T20:21:06Z,,,needs_human_review
2,OSM-WAY-460424996,medina,religiousSite,Masjid Aisha Al Hoshan,مسجد عائشة الهوشان,,24.457666,39.65151,https://www.openstreetmap.org/way/460424996,2026-10-08T20:21:06Z,,,needs_human_review
2,OSM-WAY-460425108,medina,religiousSite,Masjid Diab Bin Nasser,مسجد ذياب بن ناصر,,24.449348,39.648506,https://www.openstreetmap.org/way/460425108,2026-10-08T20:21:06Z,,,needs_human_review
2,OSM-WAY-460425233,medina,religiousSite,Masjid Fathiya Zaki Safar,مسجد فتحية زكي سفر,,24.454353,39.646892,https://www.openstreetmap.org/way/460425233,2026-10-08T20:21:06Z,,,needs_human_review
2,OSM-WAY-460425311,medina,religiousSite,Masjid Al Iman,مسجد الايمان,,24.454129,39.642469,https://www.openstreetmap.org/way/460425311,2026-10-08T20:21:06Z,,,needs_human_review
2,OSM-WAY-460425692,medina,religiousSite,مسجد البداح,مسجد البداح,,24.452952,39.643652,https://www.openstreetmap.org/way/460425692,2026-10-08T20:21:06Z,,,needs_human_review
2,OSM-WAY-460426099,medina,religiousSite,Masjid Salahdeen Khouja,مسجد صلاح الدين خوجة,,24.476244,39.642573,https://www.openstreetmap.org/way/460426099,2026-10-08T20:21:06Z,,,needs_human_review
2,OSM-WAY-460529557,medina,religiousSite,Masjid Hamid مسجد حميد,Masjid Hamid مسجد حميد,,24.429531,39.609961,https://www.openstreetmap.org/way/460529557,2026-10-08T20:21:06Z,,,needs_human_review
2,OSM-WAY-460531094,medina,religiousSite,مسجد الشيخ مهل جود الله الرحيلي,مسجد الشيخ مهل جود الله الرحيلي,,24.42249,39.62579,https://www.openstreetmap.org/way/460531094,2026-10-08T20:21:06Z,,,needs_human_review
2,OSM-WAY-460531668,medina,religiousSite,Masjid As Sheikh Juwaibiri Bin Bakhit Al Rumaithi,مسجد الشيخ جويبر بن بخيت الرميثي,,24.433667,39.600953,https://www.openstreetmap.org/way/460531668,2026-10-08T20:21:06Z,,,needs_human_review
2,OSM-WAY-460531732,medina,religiousSite,Masjid Al Qasoa,مسجد القصواء,,24.433462,39.597622,https://www.openstreetmap.org/way/460531732,2026-10-08T20:21:06Z,,,needs_human_review
2,OSM-WAY-460538857,medina,religiousSite,Masjid Salim bin Murshid Rehaily,Masjid Salim bin Murshid Rehaily,,24.445129,39.596427,https://www.openstreetmap.org/way/460538857,2026-10-08T20:21:06Z,,,needs_human_review
2,OSM-WAY-460540540,medina,religiousSite,Masjid Scheich Ibrahim Hassan As Shaer,الشيخ حسن إبراهيم حسن الشاعر,,24.448422,39.595974,https://www.openstreetmap.org/way/460540540,2026-10-08T20:21:06Z,,,needs_human_review
2,OSM-WAY-460541090,medina,religiousSite,Masjid 3bad Ar Rahman,Masjid 3bad Ar Rahman,,24.443044,39.600937,https://www.openstreetmap.org/way/460541090,2026-10-08T20:21:06Z,,,needs_human_review
2,OSM-WAY-460542550,medina,religiousSite,Masjid Al Amir Khalid Bin Sultan,مسجد الأمير خالد بن سلطان,,24.454199,39.593364,https://www.openstreetmap.org/way/460542550,2026-10-08T20:21:06Z,,,needs_human_review
2,OSM-WAY-460543457,medina,religiousSite,Masjid Mahatah Al Rashwan,مسجد محطة الرشوان,,24.457281,39.595675,https://www.openstreetmap.org/way/460543457,2026-10-08T20:21:06Z,,,needs_human_review
2,OSM-WAY-460544300,medina,religiousSite,Masjid Ar Rehaily,Masjid Ar Rehaily,,24.45682,39.594532,https://www.openstreetmap.org/way/460544300,2026-10-08T20:21:06Z,,,needs_human_review
2,OSM-WAY-460544616,medina,religiousSite,Masjid As Zaaqee,مسجد الزعاقي,,24.457003,39.594111,https://www.openstreetmap.org/way/460544616,2026-10-08T20:21:06Z,,,needs_human_review
2,OSM-WAY-460544975,medina,religiousSite,Masjid Abdullah Al-Hubaishi,مسجد عبدالله الحبيشي,,24.459378,39.590487,https://www.openstreetmap.org/way/460544975,2026-10-08T20:21:06Z,,,needs_human_review
2,OSM-WAY-460547434,medina,religiousSite,Masjid As Zaidi,مسجد الزايدي,,24.468987,39.587071,https://www.openstreetmap.org/way/460547434,2026-10-08T20:21:06Z,,,needs_human_review
2,OSM-WAY-460595211,medina,religiousSite,Masjid Al Ansar,مسجد الانصار,,24.454923,39.580706,https://www.openstreetmap.org/way/460595211,2026-10-08T20:21:06Z,,,needs_human_review
2,OSM-WAY-460596116,medina,religiousSite,Masjid Obaid,مسجد عبيد,,24.448425,39.584935,https://www.openstreetmap.org/way/460596116,2026-10-08T20:21:06Z,,,needs_human_review
2,OSM-WAY-460596556,medina,religiousSite,مسجد وصل الله مانع,مسجد وصل الله مانع,,24.447239,39.584514,https://www.openstreetmap.org/way/460596556,2026-10-08T20:21:06Z,,,needs_human_review
2,OSM-WAY-460596700,medina,religiousSite,Masjid Humaidan,مسجد حميدان,,24.448064,39.583016,https://www.openstreetmap.org/way/460596700,2026-10-08T20:21:06Z,,,needs_human_review
2,OSM-WAY-460597148,medina,religiousSite,Masjid Ar Rahman,مسجد الرحمن,,24.443844,39.583548,https://www.openstreetmap.org/way/460597148,2026-10-08T20:21:06Z,,,needs_human_review
2,OSM-WAY-460597474,medina,religiousSite,Masjid Dhiab bin Abu Bakar Nasser,مسجد ذياب بن أبو بكر ناصر,,24.446479,39.592497,https://www.openstreetmap.org/way/460597474,2026-10-08T20:21:06Z,,,needs_human_review
2,OSM-WAY-460597975,medina,religiousSite,مسجد وادي العقيق,مسجد وادي العقيق,,24.454071,39.584571,https://www.openstreetmap.org/way/460597975,2026-10-08T20:21:06Z,,,needs_human_review
2,OSM-WAY-460600167,medina,religiousSite,Masjid Al Aoufi,مسجد العوفي,,24.477072,39.580683,https://www.openstreetmap.org/way/460600167,2026-10-08T20:21:06Z,,,needs_human_review
2,OSM-WAY-460600410,medina,religiousSite,Masjid Al Kaeki,مسجد الكعكي,,24.478358,39.575782,https://www.openstreetmap.org/way/460600410,2026-10-08T20:21:06Z,,,needs_human_review
2,OSM-WAY-460600645,medina,religiousSite,Masjid Al Omair,مسجد العمير,,24.479411,39.580412,https://www.openstreetmap.org/way/460600645,2026-10-08T20:21:06Z,,,needs_human_review
2,OSM-WAY-460600807,medina,religiousSite,Masjid Al Amer,Masjid Al Amer,,24.481244,39.577009,https://www.openstreetmap.org/way/460600807,2026-10-08T20:21:06Z,,,needs_human_review
2,OSM-WAY-460602795,medina,religiousSite,Masjid Nabil Hifzi,مسجد نبيل حفظي,,24.494553,39.590078,https://www.openstreetmap.org/way/460602795,2026-10-08T20:21:06Z,,,needs_human_review
2,OSM-WAY-460603008,medina,religiousSite,Masjid Ahmed Abdullah Al-Hassan,مسجد أحمد عبدالله الحسن,,24.500562,39.586951,https://www.openstreetmap.org/way/460603008,2026-10-08T20:21:06Z,,,needs_human_review
2,OSM-WAY-460603278,medina,religiousSite,Masjid Osama bin Zaid,مسجد أسامة بن زيد,,24.499694,39.582969,https://www.openstreetmap.org/way/460603278,2026-10-08T20:21:06Z,,,needs_human_review
2,OSM-WAY-460603788,medina,religiousSite,Masjid Sharif Osman,مسجد الشريف عثمان,,24.505052,39.584032,https://www.openstreetmap.org/way/460603788,2026-10-08T20:21:06Z,,,needs_human_review
2,OSM-WAY-460603870,medina,religiousSite,Masjid As Sherbini,مسجد الشربيني,,24.49639,39.576467,https://www.openstreetmap.org/way/460603870,2026-10-08T20:21:06Z,,,needs_human_review
2,OSM-WAY-460604261,medina,religiousSite,Masjid Badri Safr Atibi,Masjid Badri Safr Atibi,,24.491583,39.576015,https://www.openstreetmap.org/way/460604261,2026-10-08T20:21:06Z,,,needs_human_review
2,OSM-WAY-460605141,medina,religiousSite,Masjid Awed Aoufi,مسجد عويض العوفي,,24.506949,39.61342,https://www.openstreetmap.org/way/460605141,2026-10-08T20:21:06Z,,,needs_human_review
2,OSM-WAY-460605601,medina,religiousSite,Masjid Abdullah Mvuz,مسجد عبدالله مفوز,,24.50788,39.611799,https://www.openstreetmap.org/way/460605601,2026-10-08T20:21:06Z,,,needs_human_review
2,OSM-WAY-460605702,medina,religiousSite,مسجد جود الرحيلي,مسجد جود الرحيلي,,24.509068,39.612296,https://www.openstreetmap.org/way/460605702,2026-10-08T20:21:06Z,,,needs_human_review
2,OSM-WAY-460605821,medina,religiousSite,Masjid Abu BakrAs-Sideek,مسجد أبو بكر الصديق,,24.51,39.610675,https://www.openstreetmap.org/way/460605821,2026-10-08T20:21:06Z,,,needs_human_review
2,OSM-WAY-460606051,medina,religiousSite,Masjid Omar ibn Al-Khattab,مسجد عمر بن الخطاب,,24.508574,39.61038,https://www.openstreetmap.org/way/460606051,2026-10-08T20:21:06Z,,,needs_human_review
2,OSM-WAY-460606570,medina,religiousSite,Masjid Imam Al Bukhari,مسجد الإمام البخاري,,24.47294,39.613613,https://www.openstreetmap.org/way/460606570,2026-10-08T20:21:06Z,,,needs_human_review
2,OSM-WAY-461699097,medina,religiousSite,Mescid-i Nebi,المسجد النبوي,,24.468954,39.611154,https://www.openstreetmap.org/way/461699097,2026-10-08T20:21:06Z,,,needs_human_review
2,OSM-WAY-461974406,medina,religiousSite,Masjid Madani,مسجد مدني,,24.499523,39.60912,https://www.openstreetmap.org/way/461974406,2026-10-08T20:21:06Z,,,needs_human_review
2,OSM-WAY-461975041,medina,religiousSite,Masjid Abdulaziz Bin Abdul Rahman Al Aqeel,Masjid Abdulaziz Bin Abdul Rahman Al Aqeel,,24.492222,39.620792,https://www.openstreetmap.org/way/461975041,2026-10-08T20:21:06Z,,,needs_human_review
2,OSM-WAY-461975576,medina,religiousSite,مسجد الدكتور علي شير محمد,مسجد الدكتور علي شير محمد,,24.48836,39.634006,https://www.openstreetmap.org/way/461975576,2026-10-08T20:21:06Z,,,needs_human_review
2,OSM-WAY-461975689,medina,religiousSite,Masjid Ar-Rahma,مسجد الرحمة,,24.484739,39.626594,https://www.openstreetmap.org/way/461975689,2026-10-08T20:21:06Z,,,needs_human_review
2,OSM-WAY-461976643,medina,religiousSite,Masjid An-Nasr,مسجد النصر,,24.483948,39.59928,https://www.openstreetmap.org/way/461976643,2026-10-08T20:21:06Z,,,needs_human_review
2,OSM-WAY-461976662,medina,religiousSite,مسجد خصيوي مثال,مسجد خصيوي مثال,,24.486142,39.599136,https://www.openstreetmap.org/way/461976662,2026-10-08T20:21:06Z,,,needs_human_review
2,OSM-WAY-461976790,medina,religiousSite,Masjid Al Mansour,مسجد المنصور,,24.49189,39.598013,https://www.openstreetmap.org/way/461976790,2026-10-08T20:21:06Z,,,needs_human_review
2,OSM-WAY-462173158,medina,religiousSite,Masjid Ibn Khaldoun,مسجد بن خلدون,,24.477792,39.653477,https://www.openstreetmap.org/way/462173158,2026-10-08T20:21:06Z,,,needs_human_review
2,OSM-WAY-462174275,medina,religiousSite,Masjid Najia Al-Omari,مسجد ناجية العمري,,24.454098,39.651374,https://www.openstreetmap.org/way/462174275,2026-10-08T20:21:06Z,,,needs_human_review
2,OSM-WAY-462175775,medina,religiousSite,Masjid Ar-Raboua,مسجد الربوة,,24.475153,39.653763,https://www.openstreetmap.org/way/462175775,2026-10-08T20:21:06Z,,,needs_human_review
2,OSM-WAY-462175813,medina,religiousSite,Masjid Abdel Rahman al Saadi,مسجد عبد الرحمن السعدي,,24.473207,39.655567,https://www.openstreetmap.org/way/462175813,2026-10-08T20:21:06Z,,,needs_human_review
2,OSM-WAY-462176092,medina,religiousSite,Masjid Bint Fatma Huriyya Abdul Hadi,مسجد بنت فاطمة حورية عبد الهادي,,24.480943,39.647819,https://www.openstreetmap.org/way/462176092,2026-10-08T20:21:06Z,,,needs_human_review
2,OSM-WAY-462176195,medina,religiousSite,Masjid Al Baraka,مسجد البركة,,24.478736,39.647281,https://www.openstreetmap.org/way/462176195,2026-10-08T20:21:06Z,,,needs_human_review
2,OSM-WAY-462176558,medina,religiousSite,Masjid Al-Yahya,مسجد اليحيى,,24.478114,39.641699,https://www.openstreetmap.org/way/462176558,2026-10-08T20:21:06Z,,,needs_human_review
2,OSM-WAY-462176716,medina,religiousSite,Masjid Al Manar,مسجد المنار,,24.477028,39.637876,https://www.openstreetmap.org/way/462176716,2026-10-08T20:21:06Z,,,needs_human_review
2,OSM-WAY-462176998,medina,religiousSite,Masjid Ar-Rahma,مسجد الرحمة,,24.476899,39.636632,https://www.openstreetmap.org/way/462176998,2026-10-08T20:21:06Z,,,needs_human_review
2,OSM-WAY-462177346,medina,religiousSite,مسجد الجوهرة الطويل,مسجد الجوهرة الطويل,,24.475856,39.639331,https://www.openstreetmap.org/way/462177346,2026-10-08T20:21:06Z,,,needs_human_review
2,OSM-WAY-462177412,medina,religiousSite,Masjid Ismail Falah al-Amri,مسجد إسماعيل فلاح العمري,,24.474338,39.638153,https://www.openstreetmap.org/way/462177412,2026-10-08T20:21:06Z,,,needs_human_review
2,OSM-WAY-462177432,medina,religiousSite,Masjid Al-Amirah Sheikha,مسجد الأميرة شيخة,,24.473668,39.638865,https://www.openstreetmap.org/way/462177432,2026-10-08T20:21:06Z,,,needs_human_review
2,OSM-WAY-462177535,medina,religiousSite,Masjid Ibn Al-Qayyim,مسجد ابن القيم,,24.474281,39.636291,https://www.openstreetmap.org/way/462177535,2026-10-08T20:21:06Z,,,needs_human_review
2,OSM-WAY-462178001,medina,religiousSite,مسجد الوقيصي,مسجد الوقيصي,,24.478313,39.633141,https://www.openstreetmap.org/way/462178001,2026-10-08T20:21:06Z,,,needs_human_review
2,OSM-WAY-462178080,medina,religiousSite,Masjid Al Manarat,Masjid Al Manarat,,24.481439,39.636566,https://www.openstreetmap.org/way/462178080,2026-10-08T20:21:06Z,,,needs_human_review
2,OSM-WAY-462178123,medina,religiousSite,Masjid at-Taqwa,مسجد التقوى,,24.484257,39.635738,https://www.openstreetmap.org/way/462178123,2026-10-08T20:21:06Z,,,needs_human_review
2,OSM-WAY-462179934,medina,religiousSite,مسجد مرضي خليوي,مسجد مرضي خليوي,,24.47218,39.64785,https://www.openstreetmap.org/way/462179934,2026-10-08T20:21:06Z,,,needs_human_review
2,OSM-WAY-462180748,medina,religiousSite,Masjid Al-Kradh,مسجد الكريدة,,24.472469,39.646439,https://www.openstreetmap.org/way/462180748,2026-10-08T20:21:06Z,,,needs_human_review
2,OSM-WAY-462180977,medina,religiousSite,مسجد نفاع لافي العمري,مسجد نفاع لافي العمري,,24.472488,39.642063,https://www.openstreetmap.org/way/462180977,2026-10-08T20:21:06Z,,,needs_human_review
2,OSM-WAY-462182680,medina,religiousSite,مسجد هليبان الجابري,مسجد هليبان الجابري,,24.501554,39.624107,https://www.openstreetmap.org/way/462182680,2026-10-08T20:21:06Z,,,needs_human_review
2,OSM-WAY-462566144,medina,religiousSite,Masjid At-Taqwa,Masjid At-Taqwa,,24.422148,39.592542,https://www.openstreetmap.org/way/462566144,2026-10-08T20:21:06Z,,,needs_human_review
2,OSM-WAY-462566331,medina,religiousSite,Masjid As-Shakir,مسجد الشاكر,,24.417713,39.59473,https://www.openstreetmap.org/way/462566331,2026-10-08T20:21:06Z,,,needs_human_review
2,OSM-WAY-462839515,medina,religiousSite,Masjid Al-Hajjar,مسجد الحجار,,24.422222,39.498773,https://www.openstreetmap.org/way/462839515,2026-10-08T20:21:06Z,,,needs_human_review
2,OSM-WAY-462839516,medina,religiousSite,مسجد اللواء علي المطوع,مسجد اللواء علي المطوع,,24.423055,39.503435,https://www.openstreetmap.org/way/462839516,2026-10-08T20:21:06Z,,,needs_human_review
2,OSM-WAY-462839703,medina,religiousSite,Masjid Abu Onoq,مسجد ابو عنق,,24.419992,39.501038,https://www.openstreetmap.org/way/462839703,2026-10-08T20:21:06Z,,,needs_human_review
2,OSM-WAY-462840017,medina,religiousSite,Masjid Al Nu'man,مسجد النعمان,,24.410809,39.503529,https://www.openstreetmap.org/way/462840017,2026-10-08T20:21:06Z,,,needs_human_review
2,OSM-WAY-462840036,medina,religiousSite,Masjid Al Ihsan,مسجد الإحسان,,24.409959,39.500486,https://www.openstreetmap.org/way/462840036,2026-10-08T20:21:06Z,,,needs_human_review
2,OSM-WAY-462840178,medina,religiousSite,مسجد ومكتبة الخيرات,مسجد ومكتبة الخيرات,,24.409926,39.507949,https://www.openstreetmap.org/way/462840178,2026-10-08T20:21:06Z,,,needs_human_review
2,OSM-WAY-462840256,medina,religiousSite,مسجد العمودي,مسجد العمودي,,24.414936,39.507857,https://www.openstreetmap.org/way/462840256,2026-10-08T20:21:06Z,,,needs_human_review
2,OSM-WAY-462840667,medina,religiousSite,Masjid Haya At-Thunayan,مسجد هيا الثنيان,,24.427821,39.502227,https://www.openstreetmap.org/way/462840667,2026-10-08T20:21:06Z,,,needs_human_review
2,OSM-WAY-462841746,medina,religiousSite,Masjid Al Hidayah,مسجد الهداية,,24.437014,39.495601,https://www.openstreetmap.org/way/462841746,2026-10-08T20:21:06Z,,,needs_human_review
2,OSM-WAY-462841903,medina,religiousSite,Masjid Abdullah Matar Al Harbi,عبدالله مطر الحربي,,24.439887,39.502054,https://www.openstreetmap.org/way/462841903,2026-10-08T20:21:06Z,,,needs_human_review
2,OSM-WAY-462842835,medina,religiousSite,مسجد الخلفاء الراشدين,مسجد الخلفاء الراشدين,,24.439388,39.506329,https://www.openstreetmap.org/way/462842835,2026-10-08T20:21:06Z,,,needs_human_review
2,OSM-WAY-462843021,medina,religiousSite,Masjid Moala Al-Ahmadi,مسجد معلا الأحمدي,,24.438494,39.51106,https://www.openstreetmap.org/way/462843021,2026-10-08T20:21:06Z,,,needs_human_review
2,OSM-WAY-462843270,medina,religiousSite,Masjid Ad-Doha,مسجد الدوحه,,24.436168,39.514669,https://www.openstreetmap.org/way/462843270,2026-10-08T20:21:06Z,,,needs_human_review
2,OSM-WAY-462843492,medina,religiousSite,Masjid Ibn Utheimin,مسجد ابن عثيمين,,24.42288,39.510685,https://www.openstreetmap.org/way/462843492,2026-10-08T20:21:06Z,,,needs_human_review
2,OSM-WAY-462844062,medina,religiousSite,Masjid Baaghil,مسجد باعقيل,,24.427622,39.50784,https://www.openstreetmap.org/way/462844062,2026-10-08T20:21:06Z,,,needs_human_review
2,OSM-WAY-462927784,medina,religiousSite,Masjid Ar-Radwan,مسجد الرضوان,,24.437763,39.578766,https://www.openstreetmap.org/way/462927784,2026-10-08T20:21:06Z,,,needs_human_review
2,OSM-WAY-462928343,medina,religiousSite,Masjid Nafiae,مسجد نافع,,24.440161,39.576917,https://www.openstreetmap.org/way/462928343,2026-10-08T20:21:06Z,,,needs_human_review
2,OSM-WAY-462928515,medina,religiousSite,Masjid Abu Yousef al-Otair,مسجد ابو يوسف العطير,,24.442201,39.575331,https://www.openstreetmap.org/way/462928515,2026-10-08T20:21:06Z,,,needs_human_review
2,OSM-WAY-462928639,medina,religiousSite,Masjid Moudi Al-Barrak,مسجد موضي البراك,,24.439574,39.573739,https://www.openstreetmap.org/way/462928639,2026-10-08T20:21:06Z,,,needs_human_review
2,OSM-WAY-462929110,medina,religiousSite,مسجد الوادي المبارك,مسجد الوادي المبارك,,24.434708,39.577883,https://www.openstreetmap.org/way/462929110,2026-10-08T20:21:06Z,,,needs_human_review
2,OSM-WAY-463011846,medina,religiousSite,مسجد سليمان حامد الأحمدي,مسجد سليمان حامد الأحمدي,,24.448599,39.620922,https://www.openstreetmap.org/way/463011846,2026-10-08T20:21:06Z,,,needs_human_review
2,OSM-WAY-463019678,medina,religiousSite,مسجد الخير,مسجد الخير,,24.456621,39.624238,https://www.openstreetmap.org/way/463019678,2026-10-08T20:21:06Z,,,needs_human_review
2,OSM-WAY-463022585,medina,religiousSite,مسجد عبدالله محمد عيسى,مسجد عبدالله محمد عيسى,,24.456424,39.618889,https://www.openstreetmap.org/way/463022585,2026-10-08T20:21:06Z,,,needs_human_review
2,OSM-WAY-463549316,medina,religiousSite,Masjid Al Amirah Sheikha,مسجد الأميرة شيخة,,24.456171,39.614886,https://www.openstreetmap.org/way/463549316,2026-10-08T20:21:06Z,,,needs_human_review
2,OSM-WAY-486835591,medina,religiousSite,Eastern Expansion Of The Prophet's Mosque,التوسعة الشرقية للمسجد النبوي الشريف,,24.46987,39.615489,https://www.openstreetmap.org/way/486835591,2026-10-08T20:21:06Z,,,needs_human_review
2,OSM-WAY-503784299,medina,religiousSite,مسجد سمير الجابري,مسجد سمير الجابري,,24.463646,39.629704,https://www.openstreetmap.org/way/503784299,2026-10-08T20:21:06Z,,,needs_human_review
2,OSM-WAY-521577680,medina,religiousSite,Masjid Al-Awaji,مسجد العواجي,,24.488623,39.636496,https://www.openstreetmap.org/way/521577680,2026-10-08T20:21:06Z,,,needs_human_review
2,OSM-WAY-522150635,medina,religiousSite,جامع زهرة الناصرية,جامع زهرة الناصرية,,24.456024,39.627608,https://www.openstreetmap.org/way/522150635,2026-10-08T20:21:06Z,,,needs_human_review
2,OSM-WAY-522153063,medina,religiousSite,مسجد الوصية,مسجد الوصية,,24.457306,39.664904,https://www.openstreetmap.org/way/522153063,2026-10-08T20:21:06Z,,,needs_human_review
2,OSM-WAY-522170448,medina,religiousSite,Masjid Obaid Serrani,مسجد عبيد السراني,,24.42923,39.574148,https://www.openstreetmap.org/way/522170448,2026-10-08T20:21:06Z,,,needs_human_review
2,OSM-WAY-528987814,medina,religiousSite,Masjid ar-Rahman,Masjid ar-Rahman,,24.417333,39.590364,https://www.openstreetmap.org/way/528987814,2026-10-08T20:21:06Z,,,needs_human_review
2,OSM-WAY-531543136,medina,religiousSite,Masjid al-Zeitouni,مسجد الزيتوني,,24.522686,39.690051,https://www.openstreetmap.org/way/531543136,2026-10-08T20:21:06Z,,,needs_human_review
2,OSM-WAY-531544429,medina,religiousSite,Masjid Mubarak Suleiman al-Raddadi,مسجد مبروك سليمان الردادي,,24.520796,39.690426,https://www.openstreetmap.org/way/531544429,2026-10-08T20:21:06Z,,,needs_human_review
2,OSM-WAY-531548404,medina,religiousSite,Masjid,Masjid,,24.520213,39.684299,https://www.openstreetmap.org/way/531548404,2026-10-08T20:21:06Z,,,needs_human_review
2,OSM-WAY-531548996,medina,religiousSite,Masjid as-Subaihi,جامع الصبيحي,,24.516481,39.680115,https://www.openstreetmap.org/way/531548996,2026-10-08T20:21:06Z,,,needs_human_review
2,OSM-WAY-587267723,medina,religiousSite,Mount Uhud,جبل أحد,,24.521537,39.618161,https://www.openstreetmap.org/way/587267723,2026-10-08T20:21:06Z,,,needs_human_review
2,OSM-WAY-619762523,medina,religiousSite,Masjid Ayash,مسجد العياش,,24.461955,39.578755,https://www.openstreetmap.org/way/619762523,2026-10-08T20:21:06Z,,,needs_human_review
2,OSM-WAY-65541892,medina,religiousSite,مسجد الحارة,مسجد الحارة,,24.454223,39.670556,https://www.openstreetmap.org/way/65541892,2026-10-08T20:21:06Z,,,needs_human_review
2,OSM-WAY-65542091,medina,religiousSite,Mosque Bilal Ibn Rabah,مسجد بلال بن رباح,,24.461537,39.6117,https://www.openstreetmap.org/way/65542091,2026-10-08T20:21:06Z,,,needs_human_review
2,OSM-WAY-65542630,medina,religiousSite,Masjid Bin Laden,مسجد بن لادن,,24.453353,39.612257,https://www.openstreetmap.org/way/65542630,2026-10-08T20:21:06Z,,,needs_human_review
2,OSM-WAY-65543011,medina,religiousSite,مسجد ام المومنین,مسجد ام المومنین,,24.438783,39.66153,https://www.openstreetmap.org/way/65543011,2026-10-08T20:21:06Z,,,needs_human_review
2,OSM-WAY-65543164,medina,religiousSite,Masjid Anas Ibn Malik,مسجد انس ابن مالك,,24.456507,39.661082,https://www.openstreetmap.org/way/65543164,2026-10-08T20:21:06Z,,,needs_human_review
2,OSM-WAY-65543251,medina,religiousSite,مسجد الرضوان,مسجد الرضوان,,24.438053,39.634758,https://www.openstreetmap.org/way/65543251,2026-10-08T20:21:06Z,,,needs_human_review
2,OSM-WAY-66104067,medina,religiousSite,Masjid Bani Haram,مسجد بني حرام,,24.473158,39.597253,https://www.openstreetmap.org/way/66104067,2026-10-08T20:21:06Z,,,needs_human_review
2,OSM-WAY-66104178,medina,religiousSite,Masjid As Salam,مسجد السلام,,24.48097,39.586232,https://www.openstreetmap.org/way/66104178,2026-10-08T20:21:06Z,,,needs_human_review
2,OSM-WAY-66509862,medina,religiousSite,Albalawi Mosque,مسجدالبلوی,,24.475011,39.559425,https://www.openstreetmap.org/way/66509862,2026-10-08T20:21:06Z,,,needs_human_review
2,OSM-WAY-66509964,medina,religiousSite,قصر امير المدينة,قصر امير المدينة,,24.486708,39.567215,https://www.openstreetmap.org/way/66509964,2026-10-08T20:21:06Z,,,needs_human_review
2,OSM-WAY-66510051,medina,religiousSite,مسجدالجربوع,مسجدالجربوع,,24.472175,39.561038,https://www.openstreetmap.org/way/66510051,2026-10-08T20:21:06Z,,,needs_human_review
2,OSM-WAY-66510098,medina,religiousSite,Mosque Al-Qiblatayn - Mosque of the Two Qiblas,مسجد القبلتين,,24.484215,39.578865,https://www.openstreetmap.org/way/66510098,2026-10-08T20:21:06Z,,,needs_human_review
2,OSM-WAY-67397092,medina,religiousSite,Al-Amer Mosque,Masjid Al-Amer مسجد العامر,,24.496253,39.587249,https://www.openstreetmap.org/way/67397092,2026-10-08T20:21:06Z,,,needs_human_review
2,OSM-WAY-67738096,medina,religiousSite,Mohajerin Mosque,مسجد المهاجرین,,24.429645,39.589854,https://www.openstreetmap.org/way/67738096,2026-10-08T20:21:06Z,,,needs_human_review
2,OSM-WAY-67738100,medina,religiousSite,Hejreh Mosque,مسجد الهجره,,24.429909,39.580583,https://www.openstreetmap.org/way/67738100,2026-10-08T20:21:06Z,,,needs_human_review
2,OSM-WAY-67738102,medina,religiousSite,Noor Kateb Mosque,مسجد نور کاتب,,24.426925,39.579261,https://www.openstreetmap.org/way/67738102,2026-10-08T20:21:06Z,,,needs_human_review
2,OSM-WAY-678915197,medina,religiousSite,مسجد بني غفار,مسجد بني غفار,,24.471875,39.602547,https://www.openstreetmap.org/way/678915197,2026-10-08T20:21:06Z,,,needs_human_review
2,OSM-WAY-678916053,medina,religiousSite,Sheikh Ngamesh Al-Ahmadi Mosque,مسجد الشيخ نغيمش الأحمدي,,24.465761,39.601454,https://www.openstreetmap.org/way/678916053,2026-10-08T20:21:06Z,,,needs_human_review
2,OSM-WAY-678916532,medina,religiousSite,Al Agha Mosque,مسجد الآغا,,24.459894,39.60863,https://www.openstreetmap.org/way/678916532,2026-10-08T20:21:06Z,,,needs_human_review
2,OSM-WAY-679591593,medina,religiousSite,Al Khair Mosque,Al Khair Mosque,,24.456044,39.611651,https://www.openstreetmap.org/way/679591593,2026-10-08T20:21:06Z,,,needs_human_review
2,OSM-WAY-679591750,medina,religiousSite,Al Barakah Mosque,Al Barakah Mosque,,24.456166,39.612284,https://www.openstreetmap.org/way/679591750,2026-10-08T20:21:06Z,,,needs_human_review
2,OSM-WAY-679595070,medina,religiousSite,Al Awali Mosque,Al Awali Mosque,,24.460309,39.615914,https://www.openstreetmap.org/way/679595070,2026-10-08T20:21:06Z,,,needs_human_review
2,OSM-WAY-684380958,medina,religiousSite,جامع الجهيمي,جامع الجهيمي,,24.424163,39.637744,https://www.openstreetmap.org/way/684380958,2026-10-08T20:21:06Z,,,needs_human_review
2,OSM-WAY-684777110,medina,religiousSite,مسجد علي ردة الله السهلي,مسجد علي ردة الله السهلي,,24.376392,39.519029,https://www.openstreetmap.org/way/684777110,2026-10-08T20:21:06Z,,,needs_human_review
2,OSM-WAY-684777668,medina,religiousSite,جامع حمراء الأسد,جامع حمراء الأسد,,24.380035,39.521071,https://www.openstreetmap.org/way/684777668,2026-10-08T20:21:06Z,,,needs_human_review
2,OSM-WAY-687685395,medina,religiousSite,Sela mountain,جبل سلع,,24.47511,39.599337,https://www.openstreetmap.org/way/687685395,2026-10-08T20:21:06Z,,,needs_human_review
2,OSM-WAY-845450381,medina,religiousSite,قصر طيبة,قصر طيبة,,24.502152,39.544877,https://www.openstreetmap.org/way/845450381,2026-10-08T20:21:06Z,,,needs_human_review
2,OSM-WAY-987754464,medina,religiousSite,جبل الرماة,جبل الرماة,,24.502076,39.612408,https://www.openstreetmap.org/way/987754464,2026-10-08T20:21:06Z,,,needs_human_review
2,OSM-WAY-991923027,medina,religiousSite,kingdom palace,kingdom palace,,24.502582,39.549846,https://www.openstreetmap.org/way/991923027,2026-10-08T20:21:06Z,,,needs_human_review
